id,name,birth_date,source_url,birth_time_used,birth_Saturn_sign,birth_Saturn_degree,birth_Saturn_retrograde,birth_Mars_sign,birth_Mars_degree,birth_Mars_retrograde,birth_Venus_sign,birth_Venus_degree,birth_Venus_retrograde,birth_Jupiter_sign,birth_Jupiter_degree,birth_Jupiter_retrograde,birth_Rahu_mean_sign,birth_Rahu_mean_degree,birth_Rahu_mean_retrograde,birth_Ketu_sign,birth_Ketu_degree,birth_Ketu_retrograde
B200_001,Leonardo DiCaprio,1974-11-11,https://en.wikipedia.org/wiki/Leonardo_DiCaprio,False,Gemini,25.28758036,True,Libra,16.11769119,False,Libra,26.44562039,False,Aquarius,14.58534103,False,Scorpio,17.76019183,True,Taurus,17.76019183,True
B200_002,Taylor Swift,1989-12-13,https://en.wikipedia.org/wiki/Taylor_Swift,False,Sagittarius,19.73207909,False,Scorpio,3.01558876,False,Capricorn,8.16100663,False,Gemini,13.96093463,True,Capricorn,25.72111825,True,Cancer,25.72111825,True
B200_003,Oprah Winfrey,1954-01-29,https://en.wikipedia.org/wiki/Oprah_Winfrey,False,Libra,15.82625227,False,Scorpio,0.39256239,False,Capricorn,15.71332695,False,Taurus,23.43349265,True,Capricorn,0.02281713,True,Cancer,0.02281713,True
B200_004,Dwayne Johnson,1972-05-02,https://en.wikipedia.org/wiki/Dwayne_Johnson,False,Taurus,12.80345469,False,Gemini,0.06999431,False,Gemini,1.56016049,False,Sagittarius,14.76167853,True,Capricorn,6.67184324,True,Cancer,6.67184324,True
B200_005,Shakira,1977-02-02,https://en.wikipedia.org/wiki/Shakira,False,Cancer,19.89103211,True,Capricorn,1.07659904,False,Pisces,6.69987127,False,Aries,28.18828626,False,Libra,4.62467456,True,Aries,4.62467456,True
B200_006,Cristiano Ronaldo,1985-02-05,https://en.wikipedia.org/wiki/Cristiano_Ronaldo,False,Scorpio,3.71923125,False,Pisces,8.44510321,False,Pisces,9.20117416,False,Capricorn,6.09080102,False,Aries,29.62298467,True,Libra,29.62298467,True
B200_007,Lionel Messi,1987-06-24,https://en.wikipedia.org/wiki/Lionel_Messi,False,Scorpio,23.07905077,True,Gemini,28.51221914,False,Taurus,22.4895885,False,Aries,1.28179027,False,Pisces,13.57291485,True,Virgo,13.57291485,True
B200_008,Serena Williams,1981-09-26,https://en.wikipedia.org/wiki/Serena_Williams,False,Virgo,18.04920476,False,Cancer,21.66464638,False,Libra,22.13100268,False,Virgo,23.33308095,False,Cancer,4.6971954,True,Capricorn,4.6971954,True
B200_009,Tiger Woods,1975-12-30,https://en.wikipedia.org/wiki/Tiger_Woods,False,Cancer,7.64363677,True,Taurus,24.25613709,True,Scorpio,4.06527203,False,Pisces,21.90423882,False,Libra,25.82148875,True,Aries,25.82148875,True
B200_010,Michael Phelps,1985-06-30,https://en.wikipedia.org/wiki/Michael_Phelps,False,Libra,28.32422899,True,Gemini,20.28220367,False,Taurus,0.16372555,False,Capricorn,22.29109147,True,Aries,21.93914088,True,Libra,21.93914088,True
B200_011,Usain Bolt,1986-08-21,https://en.wikipedia.org/wiki/Usain_Bolt,False,Scorpio,9.56053231,False,Sagittarius,18.3319625,False,Virgo,20.41330612,False,Aquarius,26.76410711,True,Pisces,29.84146632,True,Virgo,29.84146632,True
B200_012,Neymar Jr,1992-02-05,https://en.wikipedia.org/wiki/Neymar,False,Capricorn,16.2732626,False,Sagittarius,26.57863823,False,Sagittarius,19.99892133,False,Leo,18.8118617,True,Sagittarius,14.17537383,True,Gemini,14.17537383,True
B200_013,Virat Kohli,1988-11-05,https://en.wikipedia.org/wiki/Virat_Kohli,False,Sagittarius,5.63104943,False,Pisces,6.61913337,False,Virgo,14.18997728,False,Taurus,9.6598829,True,Aquarius,17.07690319,True,Leo,17.07690319,True
B200_014,LeBron James,1984-12-30,https://en.wikipedia.org/wiki/LeBron_James,False,Scorpio,0.94286689,False,Aquarius,10.34951523,False,Aquarius,1.02362394,False,Sagittarius,27.4661041,False,Taurus,1.58368965,True,Scorpio,1.58368965,True
B200_015,Kobe Bryant,1978-08-23,https://en.wikipedia.org/wiki/Kobe_Bryant,False,Leo,9.89572931,False,Virgo,18.48213076,False,Virgo,22.40852494,False,Cancer,3.88559501,False,Virgo,4.57819119,True,Pisces,4.57819119,True
B200_016,Muhammad Ali,1942-01-17,https://en.wikipedia.org/wiki/Muhammad_Ali,False,Aries,28.61839507,True,Aries,9.74379404,False,Capricorn,27.72671123,True,Taurus,18.94245445,True,Leo,22.92292927,True,Aquarius,22.92292927,True
B200_017,Pele,1940-10-23,https://en.wikipedia.org/wiki/Pel%C3%A9,False,Aries,19.17954137,True,Virgo,18.5382461,False,Leo,26.06880552,False,Aries,19.00878633,True,Virgo,16.82235214,True,Pisces,16.82235214,True
B200_018,Diego Maradona,1960-10-30,https://en.wikipedia.org/wiki/Diego_Maradona,False,Sagittarius,20.09588094,False,Gemini,22.50020419,False,Scorpio,17.40937392,False,Sagittarius,7.45626593,False,Leo,19.34441483,True,Aquarius,19.34441483,True
B200_019,Jennifer Aniston,1969-02-11,https://en.wikipedia.org/wiki/Jennifer_Aniston,False,Pisces,27.63355901,False,Scorpio,0.03288318,False,Pisces,15.13662845,False,Virgo,11.87205546,True,Pisces,8.9904835,True,Virgo,8.9904835,True
B200_020,Angelina Jolie,1975-06-04,https://en.wikipedia.org/wiki/Angelina_Jolie,False,Gemini,23.84928412,False,Pisces,17.06106807,False,Cancer,4.45782851,False,Pisces,23.8749876,False,Scorpio,6.89682431,True,Taurus,6.89682431,True
B200_021,Brad Pitt,1963-12-18,https://en.wikipedia.org/wiki/Brad_Pitt,False,Capricorn,25.79307682,False,Sagittarius,16.66107871,False,Capricorn,0.09441529,False,Pisces,16.48418693,False,Gemini,18.72151174,True,Sagittarius,18.72151174,True
B200_022,Johnny Depp,1963-06-09,https://en.wikipedia.org/wiki/Johnny_Depp,False,Capricorn,29.73892273,True,Leo,9.82027282,False,Taurus,2.61622596,False,Pisces,20.61755957,False,Gemini,28.89598478,True,Sagittarius,28.89598478,True
B200_023,Will Smith,1968-09-25,https://en.wikipedia.org/wiki/Will_Smith,False,Aries,0.19154981,True,Leo,8.91739742,False,Libra,5.1107111,False,Leo,26.52341608,False,Pisces,16.35637743,True,Virgo,16.35637743,True
B200_024,Tom Cruise,1962-12-03,https://en.wikipedia.org/wiki/Tom_Cruise,False,Capricorn,13.82955881,False,Cancer,28.4404782,False,Libra,18.88057789,False,Aquarius,11.50079778,False,Cancer,8.85848971,True,Capricorn,8.85848971,True
B200_025,Meryl Streep,1949-06-22,https://en.wikipedia.org/wiki/Meryl_Streep,False,Leo,8.41912778,False,Taurus,15.67974582,False,Gemini,25.26597081,False,Capricorn,7.38182155,True,Pisces,29.15545919,True,Virgo,29.15545919,True
B200_026,Denzel Washington,1954-12-28,https://en.wikipedia.org/wiki/Denzel_Washington,False,Libra,24.78907856,False,Aquarius,24.06266562,False,Scorpio,0.09926769,False,Cancer,4.04138997,True,Sagittarius,12.37646258,True,Gemini,12.37646258,True
B200_027,Morgan Freeman,1937-06-01,https://en.wikipedia.org/wiki/Morgan_Freeman,False,Pisces,10.44613505,False,Scorpio,0.98980069,True,Aries,5.11023676,False,Capricorn,3.88105772,True,Scorpio,22.53251914,True,Taurus,22.53251914,True
B200_028,Tom Hanks,1956-07-09,https://en.wikipedia.org/wiki/Tom_Hanks,False,Scorpio,3.26969043,True,Aquarius,23.98604042,False,Taurus,29.62542169,True,Leo,7.05819378,False,Scorpio,12.75390426,True,Taurus,12.75390426,True
B200_029,Steven Spielberg,1946-12-18,https://en.wikipedia.org/wiki/Steven_Spielberg,False,Cancer,15.06966701,True,Sagittarius,7.6776194,False,Libra,25.95865987,False,Libra,24.73469318,False,Taurus,17.74917969,True,Scorpio,17.74917969,True
B200_030,James Cameron,1954-08-16,https://en.wikipedia.org/wiki/James_Cameron,False,Libra,10.74375007,False,Sagittarius,4.53222901,False,Virgo,14.85401301,False,Gemini,25.41260645,False,Sagittarius,19.47739801,True,Gemini,19.47739801,True
B200_031,Quentin Tarantino,1963-03-27,https://en.wikipedia.org/wiki/Quentin_Tarantino,False,Capricorn,26.28014308,False,Cancer,12.67382494,False,Aquarius,3.64671272,False,Pisces,4.82766295,False,Cancer,2.81739628,True,Capricorn,2.81739628,True
B200_032,Martin Scorsese,1942-11-17,https://en.wikipedia.org/wiki/Martin_Scorsese,False,Taurus,17.13250888,True,Libra,17.47278403,False,Scorpio,1.7022474,False,Cancer,2.1419438,True,Leo,6.81334074,True,Aquarius,6.81334074,True
B200_033,Christopher Nolan,1970-07-30,https://en.wikipedia.org/wiki/Christopher_Nolan,False,Aries,28.04126595,False,Cancer,14.40374858,False,Leo,26.8084963,False,Libra,4.59417596,False,Aquarius,10.69273317,True,Leo,10.69273317,True
B200_034,Paul McCartney,1942-06-18,https://en.wikipedia.org/wiki/Paul_McCartney,False,Taurus,12.15696524,False,Cancer,9.62850787,False,Aries,25.94120885,False,Gemini,8.78128871,False,Leo,14.86813498,True,Aquarius,14.86813498,True
B200_035,John Lennon,1940-10-09,https://en.wikipedia.org/wiki/John_Lennon,False,Aries,20.19985453,True,Virgo,9.48414284,False,Leo,9.92511064,False,Aries,20.68553725,True,Virgo,17.5642411,True,Pisces,17.5642411,True
B200_036,George Harrison,1943-02-25,https://en.wikipedia.org/wiki/George_Harrison,False,Taurus,12.87109816,False,Sagittarius,28.73404986,False,Pisces,6.93575314,False,Gemini,22.46084478,True,Leo,1.51413403,True,Aquarius,1.51413403,True
B200_037,Ringo Starr,1940-07-07,https://en.wikipedia.org/wiki/Ringo_Starr,False,Aries,19.59648037,False,Cancer,9.55653778,False,Gemini,6.14624663,True,Aries,17.43799212,False,Virgo,22.54549559,True,Pisces,22.54549559,True
B200_038,Bob Dylan,1941-05-24,https://en.wikipedia.org/wiki/Bob_Dylan,False,Aries,26.9624917,False,Aquarius,12.52357471,False,Taurus,19.17530984,False,Taurus,6.48296964,False,Virgo,5.5350415,True,Pisces,5.5350415,True
B200_039,Winston Churchill,1874-11-30,https://en.wikipedia.org/wiki/Winston_Churchill,False,Capricorn,17.51872868,False,Virgo,24.70844274,False,Scorpio,29.72180897,True,Libra,1.53930785,False,Aries,2.23622896,True,Libra,2.23622896,True
B200_040,Franklin D. Roosevelt,1882-01-30,https://en.wikipedia.org/wiki/Franklin_D._Roosevelt,False,Aries,13.84996896,False,Gemini,4.81163273,True,Capricorn,13.12689905,False,Aries,24.68284383,False,Scorpio,13.50283908,True,Taurus,13.50283908,True
B200_041,Adolf Hitler,1889-04-20,https://en.wikipedia.org/wiki/Adolf_Hitler,False,Cancer,21.1504733,False,Aries,23.90500216,False,Aries,24.48960483,True,Sagittarius,15.93524755,False,Gemini,23.76261523,True,Sagittarius,23.76261523,True
B200_042,Vladimir Lenin,1870-04-22,https://en.wikipedia.org/wiki/Vladimir_Lenin,False,Sagittarius,6.31859724,True,Aries,1.34788356,False,Aquarius,24.60351224,False,Taurus,4.04098459,False,Cancer,1.42198834,True,Capricorn,1.42198834,True
B200_043,Joseph Stalin,1878-12-18,https://en.wikipedia.org/wiki/Joseph_Stalin,False,Pisces,4.2891122,False,Scorpio,3.76480941,False,Sagittarius,7.39156202,False,Capricorn,15.42007525,False,Capricorn,13.8608702,True,Cancer,13.8608702,True
B200_044,Benito Mussolini,1883-07-29,https://en.wikipedia.org/wiki/Benito_Mussolini,False,Taurus,15.3285142,False,Taurus,20.86761875,False,Gemini,29.25682146,False,Gemini,26.30138869,False,Libra,14.6221317,True,Aries,14.6221317,True
B200_045,Dwight D. Eisenhower,1890-10-14,https://en.wikipedia.org/wiki/Dwight_D._Eisenhower,False,Leo,20.34889755,False,Sagittarius,21.42122685,False,Scorpio,13.40041618,False,Capricorn,10.4197425,False,Taurus,25.04088787,True,Scorpio,25.04088787,True
B200_046,John F. Kennedy,1917-05-29,https://en.wikipedia.org/wiki/John_F._Kennedy,False,Cancer,4.42034832,False,Aries,25.48022751,False,Taurus,23.62758234,False,Taurus,0.26156851,False,Sagittarius,19.79865039,True,Gemini,19.79865039,True
B200_047,Ronald Reagan,1911-02-06,https://en.wikipedia.org/wiki/Ronald_Reagan,False,Aries,8.21364178,False,Sagittarius,11.42896908,False,Aquarius,11.1333948,False,Libra,21.13045447,False,Aries,21.89243887,True,Libra,21.89243887,True
B200_048,Margaret Thatcher,1925-10-13,https://en.wikipedia.org/wiki/Margaret_Thatcher,False,Libra,20.97096152,False,Virgo,16.72784104,False,Scorpio,9.39997034,False,Sagittarius,21.68465878,False,Cancer,7.6958546,True,Capricorn,7.6958546,True
B200_049,Indira Gandhi,1917-11-19,https://en.wikipedia.org/wiki/Indira_Gandhi,False,Cancer,21.7845042,False,Leo,16.25550953,False,Sagittarius,20.75144387,False,Taurus,15.03312156,True,Sagittarius,10.57802641,True,Gemini,10.57802641,True
B200_050,Jawaharlal Nehru,1889-11-14,https://en.wikipedia.org/wiki/Jawaharlal_Nehru,False,Leo,10.78174288,False,Virgo,9.83895578,False,Libra,7.06359702,False,Sagittarius,15.12838439,False,Gemini,12.74025479,True,Sagittarius,12.74025479,True
B200_051,Rosa Parks,1913-02-04,https://en.wikipedia.org/wiki/Rosa_Parks,False,Taurus,4.56472199,False,Sagittarius,26.06073616,False,Pisces,8.9799756,False,Sagittarius,14.4651746,False,Pisces,13.26119939,True,Virgo,13.26119939,True
B200_052,Martin Luther King Jr,1929-01-15,https://en.wikipedia.org/wiki/Martin_Luther_King_Jr.,False,Sagittarius,2.46275963,False,Taurus,29.07461389,True,Aquarius,17.40837782,False,Aries,8.29359652,False,Taurus,4.63527784,True,Scorpio,4.63527784,True
B200_053,Malcolm X,1925-05-19,https://en.wikipedia.org/wiki/Malcolm_X,False,Libra,16.90516525,True,Gemini,13.25126814,False,Taurus,11.90209237,False,Sagittarius,29.58444526,True,Cancer,15.48569084,True,Capricorn,15.48569084,True
B200_054,Anne Frank,1929-06-12,https://en.wikipedia.org/wiki/Anne_Frank,False,Sagittarius,4.83139671,True,Cancer,24.22347896,False,Aries,13.7322248,False,Taurus,7.12876074,False,Aries,26.79245009,True,Libra,26.79245009,True
B200_055,Helen Keller,1880-06-27,https://en.wikipedia.org/wiki/Helen_Keller,False,Aries,5.15892338,False,Cancer,23.32721511,False,Gemini,9.38375298,False,Pisces,24.60139332,False,Sagittarius,14.3442558,True,Gemini,14.3442558,True
B200_056,Gianluigi Buffon,1978-01-28,https://en.wikipedia.org/wiki/Gianluigi_Buffon,False,Leo,5.0436809,True,Cancer,5.51684292,True,Capricorn,16.15917538,False,Gemini,3.36665314,True,Virgo,15.54754217,True,Pisces,15.54754217,True
B200_057,Zinedine Zidane,1972-06-23,https://en.wikipedia.org/wiki/Zinedine_Zidane,False,Taurus,19.45434546,False,Cancer,3.24589263,False,Taurus,29.47467993,True,Sagittarius,10.14469977,True,Capricorn,3.91625718,True,Cancer,3.91625718,True
B200_058,Ronaldinho,1980-03-21,https://en.wikipedia.org/wiki/Ronaldinho,False,Leo,29.48650904,True,Leo,3.89289566,True,Aries,22.63112006,False,Leo,8.58579257,True,Leo,4.05478045,True,Aquarius,4.05478045,True
B200_059,Ronaldo,1976-09-18,https://en.wikipedia.org/wiki/Ronaldo_(Brazilian_footballer),False,Cancer,19.19755987,False,Virgo,22.86872406,False,Virgo,27.04949479,False,Taurus,7.67061351,False,Libra,11.88458337,True,Aries,11.88458337,True
B200_060,Roger Federer,1981-08-08,https://en.wikipedia.org/wiki/Roger_Federer,False,Virgo,12.62737042,False,Gemini,20.49817967,False,Leo,24.3570399,False,Virgo,13.74634971,False,Cancer,7.29380487,True,Capricorn,7.29380487,True
B200_061,Rafael Nadal,1986-06-03,https://en.wikipedia.org/wiki/Rafael_Nadal,False,Scorpio,12.26755352,True,Sagittarius,29.26122542,False,Gemini,21.79150924,False,Aquarius,26.81254028,False,Aries,4.02783628,True,Libra,4.02783628,True
B200_062,Novak Djokovic,1987-05-22,https://en.wikipedia.org/wiki/Novak_Djokovic,False,Scorpio,25.46830262,True,Gemini,7.21440954,False,Aries,12.38204854,False,Pisces,25.18671545,False,Pisces,15.32165164,True,Virgo,15.32165164,True
B200_063,Martina Navratilova,1956-10-18,https://en.wikipedia.org/wiki/Martina_Navratilova,False,Scorpio,7.5333428,False,Aquarius,20.32581855,False,Leo,20.99030967,False,Leo,28.04558719,False,Scorpio,7.40170685,True,Taurus,7.40170685,True
B200_064,Venus Williams,1980-06-17,https://en.wikipedia.org/wiki/Venus_Williams,False,Leo,27.18473972,False,Leo,24.16548605,False,Taurus,29.39259603,True,Leo,10.46524545,False,Cancer,29.39148168,True,Capricorn,29.39148168,True
B200_065,Sachin Tendulkar,1973-12-24,https://en.wikipedia.org/wiki/Sachin_Tendulkar,False,Gemini,7.65914818,True,Aries,6.55029317,False,Capricorn,16.0433031,False,Capricorn,19.30937742,False,Sagittarius,4.82362788,True,Gemini,4.82362788,True
B200_066,Ricky Ponting,1974-12-19,https://en.wikipedia.org/wiki/Ricky_Ponting,False,Gemini,23.35162202,True,Scorpio,12.54134719,False,Sagittarius,14.17780509,False,Aquarius,17.87553387,False,Scorpio,15.74649443,True,Taurus,15.74649443,True
B200_067,Steve Smith,1972-02-17,https://en.wikipedia.org/wiki/Steve_Smith_(cricketer),False,Taurus,6.38106888,False,Aries,11.09374071,False,Pisces,14.92814824,False,Sagittarius,8.4537598,False,Capricorn,10.64624622,True,Cancer,10.64624622,True
B200_068,Wasim Akram,1966-06-03,https://en.wikipedia.org/wiki/Wasim_Akram,False,Pisces,5.11806537,False,Taurus,10.57708159,False,Aries,9.78534678,False,Gemini,12.54773573,False,Taurus,1.13465447,True,Scorpio,1.13465447,True
B200_069,Brian Lara,1969-05-02,https://en.wikipedia.org/wiki/Brian_Lara,False,Aries,6.89478362,False,Scorpio,23.17610652,True,Pisces,17.20666067,False,Virgo,3.32985371,True,Pisces,4.75112011,True,Virgo,4.75112011,True
B200_070,Viv Richards,1952-02-18,https://en.wikipedia.org/wiki/Viv_Richards,False,Virgo,21.25145641,True,Libra,18.67819172,False,Capricorn,3.49977773,False,Pisces,20.53445757,False,Aquarius,7.70016973,True,Leo,7.70016973,True
B200_071,Imran Khan,1952-11-25,https://en.wikipedia.org/wiki/Imran_Khan,False,Virgo,29.99062721,False,Capricorn,9.59778802,False,Sagittarius,18.49138852,False,Aries,20.46844921,True,Capricorn,22.80940151,True,Cancer,22.80940151,True
B200_072,Shane Warne,1969-09-13,https://en.wikipedia.org/wiki/Shane_Warne,False,Aries,15.04479062,True,Sagittarius,1.89906788,False,Cancer,24.90949387,False,Virgo,17.32453515,False,Aquarius,27.65018646,True,Leo,27.65018646,True
B200_073,Elon Musk,1971-06-28,https://en.wikipedia.org/wiki/Elon_Musk,False,Taurus,7.6913359,False,Capricorn,27.48564145,False,Taurus,26.2647928,False,Scorpio,4.16501086,True,Capricorn,23.0463836,True,Cancer,23.0463836,True
B200_074,Bill Gates,1955-10-28,https://en.wikipedia.org/wiki/Bill_Gates,False,Libra,28.26038052,False,Virgo,16.39252642,False,Libra,26.05186704,False,Leo,4.43551347,False,Scorpio,26.26687799,True,Taurus,26.26687799,True
B200_075,Jeff Bezos,1964-01-12,https://en.wikipedia.org/wiki/Jeff_Bezos,False,Capricorn,28.28049941,False,Capricorn,6.05524801,False,Aquarius,0.98072247,False,Pisces,18.59038192,False,Gemini,17.39671057,True,Sagittarius,17.39671057,True
B200_076,Steve Jobs,1955-02-24,https://en.wikipedia.org/wiki/Steve_Jobs,False,Libra,27.9221635,False,Aries,5.40874906,False,Sagittarius,27.21437374,False,Gemini,27.31288441,True,Sagittarius,9.30292339,True,Gemini,9.30292339,True
B200_077,Mark Zuckerberg,1984-05-14,https://en.wikipedia.org/wiki/Mark_Zuckerberg,False,Libra,18.61438775,True,Libra,26.08027922,True,Aries,21.48548749,False,Sagittarius,18.98982356,True,Taurus,13.77185579,True,Scorpio,13.77185579,True
B200_078,Larry Page,1973-03-26,https://en.wikipedia.org/wiki/Larry_Page,False,Taurus,21.66641108,False,Capricorn,6.24680615,False,Pisces,8.55461255,False,Capricorn,12.53558011,False,Sagittarius,19.29045436,True,Gemini,19.29045436,True
B200_079,Sergey Brin,1973-08-21,https://en.wikipedia.org/wiki/Sergey_Brin,False,Gemini,8.48890079,False,Aries,10.04665605,False,Virgo,9.43154347,False,Capricorn,11.01836861,True,Sagittarius,11.44763265,True,Gemini,11.44763265,True
B200_080,Jack Ma,1964-09-10,https://en.wikipedia.org/wiki/Jack_Ma,False,Aquarius,7.07428652,True,Cancer,3.706151,False,Cancer,9.01156262,False,Taurus,2.73900903,False,Gemini,4.57263529,True,Sagittarius,4.57263529,True
B200_081,Satya Nadella,1967-08-19,https://en.wikipedia.org/wiki/Satya_Nadella,False,Pisces,18.5234546,True,Libra,23.08570035,False,Leo,18.1704122,True,Cancer,24.47717663,False,Aries,7.71217086,True,Libra,7.71217086,True
B200_082,Tim Cook,1960-11-01,https://en.wikipedia.org/wiki/Tim_Cook,False,Sagittarius,20.2355496,False,Gemini,22.98573345,False,Scorpio,19.84531798,False,Sagittarius,7.8161536,False,Leo,19.23843073,True,Aquarius,19.23843073,True
B200_083,Sundar Pichai,1972-07-10,https://en.wikipedia.org/wiki/Sundar_Pichai,False,Taurus,21.51201412,False,Cancer,14.01042124,False,Taurus,24.77401471,False,Sagittarius,8.02114829,True,Capricorn,3.01539251,True,Cancer,3.01539251,True
B200_084,Sheryl Sandberg,1969-08-28,https://en.wikipedia.org/wiki/Sheryl_Sandberg,False,Aries,15.46777036,True,Scorpio,23.15153112,False,Cancer,5.83815595,False,Virgo,14.06454737,False,Aquarius,28.49805913,True,Leo,28.49805913,True
B200_085,Susan Wojcicki,1968-07-23,https://en.wikipedia.org/wiki/Susan_Wojcicki,False,Aries,1.95166826,False,Gemini,27.98638161,False,Cancer,16.37809813,False,Leo,13.03350763,False,Pisces,19.74786817,True,Virgo,19.74786817,True
B200_086,Marissa Mayer,1975-05-30,https://en.wikipedia.org/wiki/Marissa_Mayer,False,Gemini,23.28340368,False,Pisces,13.34035707,False,Gemini,29.1986486,False,Pisces,22.93802075,False,Scorpio,7.16178449,True,Taurus,7.16178449,True
B200_087,Bob Iger,1951-02-10,https://en.wikipedia.org/wiki/Bob_Iger,False,Virgo,8.43162811,True,Aquarius,21.71186893,False,Aquarius,18.86469293,False,Aquarius,20.16016717,False,Aquarius,27.4662075,True,Leo,27.4662075,True
B200_088,Mary Barra,1961-12-24,https://en.wikipedia.org/wiki/Mary_Barra,False,Capricorn,5.51125637,False,Sagittarius,6.4943764,False,Sagittarius,1.00956428,False,Capricorn,15.50044014,False,Cancer,27.08775425,True,Capricorn,27.08775425,True
B200_089,Jamie Dimon,1956-03-13,https://en.wikipedia.org/wiki/Jamie_Dimon,False,Scorpio,9.56250399,True,Sagittarius,15.69943728,False,Aries,13.11145022,False,Leo,0.09315938,True,Scorpio,19.00696659,True,Taurus,19.00696659,True
B200_090,Lloyd Blankfein,1954-09-20,https://en.wikipedia.org/wiki/Lloyd_Blankfein,False,Libra,13.67081459,False,Sagittarius,18.42121128,False,Libra,19.00214051,False,Cancer,1.80871077,False,Sagittarius,17.62267607,True,Gemini,17.62267607,True
B200_091,Warren Buffett,1930-08-30,https://en.wikipedia.org/wiki/Warren_Buffett,False,Sagittarius,12.45927199,True,Gemini,8.38306129,False,Virgo,29.23571429,False,Gemini,20.69672575,False,Aries,3.26396721,True,Libra,3.26396721,True
B200_092,Mukesh Ambani,1957-04-19,https://en.wikipedia.org/wiki/Mukesh_Ambani,False,Scorpio,20.477707,True,Taurus,27.22740629,False,Aries,7.1751344,False,Leo,29.87369737,True,Libra,27.70416111,True,Aries,27.70416111,True
B200_093,Beyonce,1981-09-04,https://en.wikipedia.org/wiki/Beyonc%C3%A9,False,Virgo,15.44010062,False,Cancer,7.94166038,False,Virgo,26.47844177,False,Virgo,18.76665841,False,Cancer,5.86302006,True,Capricorn,5.86302006,True
B200_094,Albert Einstein,1879-03-14,https://en.wikipedia.org/wiki/Albert_Einstein,False,Pisces,12.02157941,False,Capricorn,4.77539316,False,Pisces,24.87065192,False,Aquarius,5.32082803,False,Capricorn,9.30354727,True,Cancer,9.30354727,True
B200_095,Stephen Hawking,1942-01-08,https://en.wikipedia.org/wiki/Stephen_Hawking,False,Aries,28.79229942,True,Aries,5.28556557,False,Capricorn,27.7333813,False,Taurus,19.63482102,True,Leo,23.39985788,True,Aquarius,23.39985788,True
B200_096,Marie Curie,1867-11-07,https://en.wikipedia.org/wiki/Marie_Curie,False,Scorpio,3.27214319,False,Scorpio,7.64885164,False,Scorpio,3.63762708,False,Aquarius,5.99812016,False,Leo,18.95593358,True,Aquarius,18.95593358,True
B200_097,Donald Trump,1946-06-14,https://en.wikipedia.org/wiki/Donald_Trump,False,Cancer,0.69705897,False,Leo,3.60416926,False,Cancer,2.49003989,False,Virgo,24.34777885,True,Taurus,27.65869549,True,Scorpio,27.65869549,True
B200_098,Barack Obama,1961-08-04,https://en.wikipedia.org/wiki/Barack_Obama,False,Capricorn,2.06248752,True,Leo,28.80652704,False,Gemini,7.64955254,False,Capricorn,7.63069612,True,Leo,4.61262516,True,Aquarius,4.61262516,True
B200_099,John D. Rockefeller,1839-07-08,https://en.wikipedia.org/wiki/John_D._Rockefeller,False,Scorpio,12.82857119,True,Virgo,14.2660642,False,Leo,8.47864628,False,Virgo,18.69815996,False,Aquarius,27.37171374,True,Leo,27.37171374,True
B200_100,Stan Lee,1922-12-28,https://en.wikipedia.org/wiki/Stan_Lee,False,Virgo,26.41530342,False,Aquarius,19.67189636,False,Scorpio,4.7556565,False,Libra,19.85512964,False,Virgo,1.74778082,True,Pisces,1.74778082,True
B200_101,Mahatma Gandhi,1869-10-02,https://en.wikipedia.org/wiki/Mahatma_Gandhi,False,Scorpio,20.35653711,False,Libra,26.64042405,False,Libra,24.86926389,False,Aries,28.10968041,True,Cancer,12.12639951,True,Capricorn,12.12639951,True
B200_102,Abraham Lincoln,1809-02-12,https://en.wikipedia.org/wiki/Abraham_Lincoln,False,Scorpio,11.94661438,False,Libra,4.29702328,False,Pisces,16.23680354,False,Pisces,0.88444168,False,Libra,15.74388679,True,Aries,15.74388679,True
B200_103,Nelson Mandela,1918-07-18,https://en.wikipedia.org/wiki/Nelson_Mandela,False,Cancer,22.30349785,False,Virgo,19.83326687,False,Taurus,29.81055568,False,Gemini,8.43496223,False,Scorpio,27.80693242,True,Taurus,27.80693242,True
B200_104,Walt Disney,1901-12-05,https://en.wikipedia.org/wiki/Walt_Disney,False,Sagittarius,22.21332432,False,Sagittarius,16.13788243,False,Capricorn,7.4446857,False,Sagittarius,22.94358738,False,Libra,19.41598539,True,Aries,19.41598539,True
B200_105,Henry Ford,1863-07-30,https://en.wikipedia.org/wiki/Henry_Ford,False,Virgo,9.56409363,False,Leo,5.95909256,False,Virgo,0.05781357,False,Virgo,28.43893819,False,Scorpio,11.67666259,True,Taurus,11.67666259,True
B200_106,Michael Jackson,1958-08-29,https://en.wikipedia.org/wiki/Michael_Jackson,False,Scorpio,25.83808297,False,Aries,28.51872317,False,Cancer,23.14691508,False,Libra,5.16782229,False,Libra,1.36711103,True,Aries,1.36711103,True
B200_107,A.P.J. Abdul Kalam,1931-10-15,https://en.wikipedia.org/wiki/A._P._J._Abdul_Kalam,False,Sagittarius,24.20238925,False,Libra,26.41497466,False,Libra,8.14988987,False,Cancer,25.23224604,False,Pisces,11.48422341,True,Virgo,11.48422341,True
B200_108,Polgahawela Bappa,1962-05-27,user-analysis,False,Capricorn,18.04503168,True,Aries,5.5539407,False,Gemini,11.94678162,False,Aquarius,17.36534081,False,Cancer,18.92697881,True,Capricorn,18.92697881,True
B200_109,Upulakshi,1997-03-14,user-analysis,False,Pisces,14.38414471,False,Virgo,4.0544534,True,Aquarius,25.3171017,False,Capricorn,17.83673581,False,Virgo,5.39825311,True,Pisces,5.39825311,True
B200_110,Senith,1995-08-07,user-analysis,False,Pisces,0.12107767,True,Virgo,16.52435081,False,Cancer,17.008243,False,Scorpio,11.76755133,False,Libra,6.39858231,True,Aries,6.39858231,True
B200_111,Niromi,1967-04-25,user-analysis,False,Pisces,13.0311682,False,Virgo,27.66319354,True,Taurus,19.62782154,False,Cancer,2.90158679,False,Aries,13.85924795,True,Libra,13.85924795,True
B200_112,Ali al-Ridha,,https://en.wikipedia.org/wiki/Ali_al-Ridha,False,,,,,,,,,,,,,,,,,,
B200_113,Arnold Drakenborch,1684-01-01,https://en.wikipedia.org/wiki/Arnold_Drakenborch,False,Leo,14.22940097,True,Aquarius,4.79811836,False,Capricorn,2.22542863,False,Virgo,3.13681899,False,Cancer,7.33095264,True,Capricorn,7.33095264,True
B200_114,William Clowes,1779-01-01,https://en.wikipedia.org/wiki/William_Clowes,False,Scorpio,2.97772303,False,Libra,4.33012477,False,Sagittarius,29.28037402,True,Virgo,6.29744637,False,Taurus,28.6051929,True,Scorpio,28.6051929,True
B200_115,Ludovic Halévy,1834-01-01,https://en.wikipedia.org/wiki/Ludovic_Hal%C3%A9vy,False,Virgo,18.92876117,False,Sagittarius,0.88820563,False,Sagittarius,3.33951912,False,Aries,4.32312161,False,Gemini,14.09794008,True,Sagittarius,14.09794008,True
B200_116,Alfred Stieglitz,1864-01-01,https://en.wikipedia.org/wiki/Alfred_Stieglitz,False,Virgo,25.51254928,False,Scorpio,18.98954222,False,Scorpio,3.04876138,False,Libra,28.53126319,False,Scorpio,3.4628806,True,Taurus,3.4628806,True
B200_117,Chesley Bonestell,1888-01-01,https://en.wikipedia.org/wiki/Chesley_Bonestell,False,Cancer,12.52373522,True,Virgo,20.6042297,False,Scorpio,3.80472224,False,Scorpio,5.32925559,False,Cancer,18.93387156,True,Capricorn,18.93387156,True
B200_118,Buster Nupen,1902-01-01,https://en.wikipedia.org/wiki/Buster_Nupen,False,Sagittarius,25.26626644,False,Capricorn,7.11942753,False,Aquarius,1.40493593,False,Sagittarius,29.01567658,False,Libra,17.98519847,True,Aries,17.98519847,True
B200_119,Patrick Anthony Porteous,1918-01-01,https://en.wikipedia.org/wiki/Patrick_Anthony_Porteous,False,Cancer,20.6492356,True,Virgo,4.50322176,False,Capricorn,29.52276111,False,Taurus,9.81048003,True,Sagittarius,8.29936647,True,Gemini,8.29936647,True
B200_120,Ernest Tidyman,1928-01-01,https://en.wikipedia.org/wiki/Ernest_Tidyman,False,Scorpio,20.70568686,False,Scorpio,24.33426377,False,Scorpio,4.20439846,False,Pisces,3.74875197,False,Taurus,24.7722683,True,Scorpio,24.7722683,True
B200_121,Prathia Hall,1940-01-01,https://en.wikipedia.org/wiki/Prathia_Hall,False,Aries,1.41268826,False,Pisces,5.28124899,False,Capricorn,15.8945738,False,Pisces,8.19141396,False,Libra,2.50800463,True,Aries,2.50800463,True
B200_122,Gary Johnson,1953-01-01,https://en.wikipedia.org/wiki/Gary_Johnson,False,Libra,3.05517623,False,Aquarius,8.02980946,False,Aquarius,2.2639754,False,Aries,17.79717077,True,Capricorn,20.84869539,True,Cancer,20.84869539,True
B200_123,Dedee Pfeiffer,1964-01-01,https://en.wikipedia.org/wiki/Dedee_Pfeiffer,False,Capricorn,27.11789949,False,Sagittarius,27.47628572,False,Capricorn,17.42981044,False,Pisces,17.4315196,False,Gemini,17.97962309,True,Sagittarius,17.97962309,True
B200_124,Tank,1976-01-01,https://en.wikipedia.org/wiki/Tank,False,Cancer,7.49744753,True,Taurus,23.71490049,True,Scorpio,6.46226526,False,Pisces,22.04533943,False,Libra,25.71550468,True,Aries,25.71550468,True
B200_125,Pablo Cuevas,1986-01-01,https://en.wikipedia.org/wiki/Pablo_Cuevas,False,Scorpio,11.55321679,False,Libra,17.21729493,False,Sagittarius,12.77475634,False,Capricorn,24.70237044,False,Aries,12.13561613,True,Libra,12.13561613,True
B200_126,Sardar Azmoun,1995-01-01,https://en.wikipedia.org/wiki/Sardar_Azmoun,False,Aquarius,14.24176562,False,Leo,8.865894,False,Scorpio,0.5242651,False,Scorpio,11.04139544,False,Libra,17.95084202,True,Aries,17.95084202,True
B200_127,Yōzei,1834-01-02,https://en.wikipedia.org/wiki/Y%C5%8Dzei,False,Virgo,18.96084302,False,Sagittarius,1.62431255,False,Sagittarius,4.59482023,False,Aries,4.364175,False,Gemini,14.04494791,True,Sagittarius,14.04494791,True
B200_128,Marie Dumesnil,1713-01-02,https://en.wikipedia.org/wiki/Marie_Dumesnil,False,Leo,7.53376619,True,Virgo,7.4157482,False,Capricorn,23.19015969,False,Capricorn,21.1709751,False,Sagittarius,15.98351603,True,Gemini,15.98351603,True
B200_129,Pyotr Semyonov-Tyan-Shansky,1827-01-02,https://en.wikipedia.org/wiki/Pyotr_Semyonov-Tyan-Shansky,False,Gemini,10.49199481,True,Aquarius,12.11099364,False,Sagittarius,5.2982081,True,Virgo,21.86310996,False,Libra,29.54593524,True,Aries,29.54593524,True
B200_130,Gilbert Murray,1866-01-02,https://en.wikipedia.org/wiki/Gilbert_Murray,False,Libra,18.38850956,False,Sagittarius,4.70405525,False,Sagittarius,6.82921959,False,Sagittarius,18.82198921,False,Virgo,24.6726341,True,Pisces,24.6726341,True
B200_131,Apsley Cherry-Garrard,1886-01-02,https://en.wikipedia.org/wiki/Apsley_Cherry-Garrard,False,Gemini,12.07397681,True,Leo,29.92482022,False,Aquarius,4.37479343,False,Virgo,13.23732923,False,Leo,27.56512725,True,Aquarius,27.56512725,True
B200_132,Theodore Plucknett,1897-01-02,https://en.wikipedia.org/wiki/Theodore_Plucknett,False,Scorpio,4.88869962,False,Taurus,20.43219673,True,Aquarius,2.29523433,False,Leo,17.69733858,True,Capricorn,24.64280655,True,Cancer,24.64280655,True
B200_133,Michael Tippett,1905-01-02,https://en.wikipedia.org/wiki/Michael_Tippett,False,Capricorn,26.17719592,False,Libra,1.65195495,False,Aquarius,1.47748727,False,Pisces,28.24791906,False,Leo,19.8528576,True,Aquarius,19.8528576,True
B200_134,Isaac Asimov,1920-01-02,https://en.wikipedia.org/wiki/Isaac_Asimov,False,Leo,18.84122045,True,Virgo,24.49320905,False,Scorpio,5.03828112,False,Cancer,24.13095601,True,Libra,29.56214843,True,Aries,29.56214843,True
B200_135,John Hollowbread,1934-01-02,https://en.wikipedia.org/wiki/John_Hollowbread,False,Capricorn,21.60886212,False,Capricorn,11.25867217,False,Capricorn,27.56645555,False,Virgo,28.32019303,False,Capricorn,28.56064209,True,Cancer,28.56064209,True
B200_136,Charlie Davis,1944-01-02,https://en.wikipedia.org/wiki/Charlie_Davis,False,Taurus,28.6709889,True,Taurus,12.17867193,True,Scorpio,6.10188843,False,Leo,3.37080148,True,Cancer,15.03360135,True,Capricorn,15.03360135,True
B200_137,Gabrielle Carteris,1961-01-02,https://en.wikipedia.org/wiki/Gabrielle_Carteris,False,Sagittarius,26.44814798,False,Gemini,14.2262315,True,Aquarius,3.68512724,False,Sagittarius,21.12850742,False,Leo,15.95292366,True,Aquarius,15.95292366,True
B200_138,Eric Whitacre,1970-01-02,https://en.wikipedia.org/wiki/Eric_Whitacre,False,Aries,8.6169263,True,Aquarius,19.91545021,False,Sagittarius,12.9014265,False,Libra,9.08843249,False,Aquarius,21.76806982,True,Leo,21.76806982,True
B200_139,Brian Boucher,1977-01-02,https://en.wikipedia.org/wiki/Brian_Boucher,False,Cancer,22.2019861,True,Sagittarius,7.56150972,False,Aquarius,4.17189613,False,Aries,27.92390982,True,Libra,6.26742764,True,Aries,6.26742764,True
B200_140,Germán Cano,1988-01-02,https://en.wikipedia.org/wiki/Germ%C3%A1n_Cano,False,Sagittarius,1.94855931,False,Scorpio,2.23014309,False,Capricorn,20.16646622,False,Pisces,26.63308269,False,Pisces,3.39844629,True,Virgo,3.39844629,True
B200_141,Arshad Nadeem,1997-01-02,https://en.wikipedia.org/wiki/Arshad_Nadeem,False,Pisces,7.59697306,False,Virgo,5.91448863,False,Scorpio,26.50743439,False,Capricorn,1.70104895,False,Virgo,9.16068618,True,Pisces,9.16068618,True
B200_142,Gian Girolamo Albani,1509-01-03,https://en.wikipedia.org/wiki/Gian_Girolamo_Albani,False,Virgo,8.55755365,False,Capricorn,25.89291706,False,Scorpio,8.91480926,False,Scorpio,20.8316414,False,Sagittarius,4.39292054,True,Gemini,4.39292054,True
B200_143,Antoni Melchior Fijałkowski,1778-01-03,https://en.wikipedia.org/wiki/Antoni_Melchior_Fija%C5%82kowski,False,Libra,22.48145309,False,Capricorn,29.54832247,False,Sagittarius,3.23511483,False,Leo,5.35026572,True,Gemini,17.84137034,True,Sagittarius,17.84137034,True
B200_144,Savitribai Phule,1831-01-03,https://en.wikipedia.org/wiki/Savitribai_Phule,False,Leo,9.84895804,True,Pisces,25.94256659,False,Sagittarius,24.1178859,False,Capricorn,4.25309595,False,Leo,12.07137587,True,Aquarius,12.07137587,True
B200_145,Henry Lytton,1865-01-03,https://en.wikipedia.org/wiki/Henry_Lytton,False,Libra,7.2789245,False,Taurus,9.5922728,True,Aquarius,1.95194982,False,Scorpio,23.98455403,False,Libra,13.96177278,True,Aries,13.96177278,True
B200_146,Harry Elkins Widener,1885-01-03,https://en.wikipedia.org/wiki/Harry_Elkins_Widener,False,Taurus,26.75318254,True,Capricorn,0.0621581,False,Scorpio,21.58563473,False,Leo,13.30964443,True,Virgo,16.85425951,True,Pisces,16.85425951,True
B200_147,Ngô Đình Diệm,1901-01-03,https://en.wikipedia.org/wiki/Ng%C3%B4_%C4%90%C3%ACnh_Di%E1%BB%87m,False,Sagittarius,15.51857414,False,Leo,19.48742382,False,Scorpio,21.37709063,False,Sagittarius,4.04029113,False,Scorpio,7.2213338,True,Taurus,7.2213338,True
B200_148,Betty Furness,1916-01-03,https://en.wikipedia.org/wiki/Betty_Furness,False,Gemini,20.44111103,True,Leo,7.09258202,True,Capricorn,16.81839759,False,Aquarius,29.87816288,False,Capricorn,16.93060196,True,Cancer,16.93060196,True
B200_149,Jill Balcon,1925-01-03,https://en.wikipedia.org/wiki/Jill_Balcon,False,Libra,19.45685506,False,Pisces,16.35997419,False,Scorpio,22.94262607,False,Sagittarius,10.91498151,False,Cancer,22.69261421,True,Capricorn,22.69261421,True
B200_150,Raymond Garneau,1935-01-03,https://en.wikipedia.org/wiki/Raymond_Garneau,False,Aquarius,2.28774646,False,Virgo,17.82550556,False,Capricorn,0.20687612,False,Libra,24.31462307,False,Capricorn,9.16554296,True,Cancer,9.16554296,True
B200_151,Blanche d'Alpuget,1944-01-03,https://en.wikipedia.org/wiki/Blanche_d%27Alpuget,False,Taurus,28.59612226,True,Taurus,12.08211002,True,Scorpio,7.28870796,False,Leo,3.30663633,True,Cancer,14.98060929,True,Capricorn,14.98060929,True
B200_152,Justin Fleming,1953-01-03,https://en.wikipedia.org/wiki/Justin_Fleming,False,Libra,3.16915365,False,Aquarius,9.57118973,False,Aquarius,4.55512726,False,Aries,17.77752803,True,Capricorn,20.74271127,True,Cancer,20.74271127,True
B200_153,Chetan Sharma,1966-01-03,https://en.wikipedia.org/wiki/Chetan_Sharma,False,Aquarius,19.24860278,False,Capricorn,15.47163655,False,Capricorn,20.35702888,False,Gemini,0.74578052,True,Taurus,9.13645329,True,Scorpio,9.13645329,True
B200_154,Dimitra Kalentzou,1978-01-03,https://en.wikipedia.org/wiki/Dimitra_Kalentzou,False,Leo,6.51401527,True,Cancer,14.81489538,True,Sagittarius,14.72506693,False,Gemini,5.99062073,True,Virgo,16.87234302,True,Pisces,16.87234302,True
B200_155,Dana Hussain,1986-01-03,https://en.wikipedia.org/wiki/Dana_Hussain,False,Scorpio,11.75999839,False,Libra,18.43813831,False,Sagittarius,15.29135676,False,Capricorn,25.13203526,False,Aries,12.02963207,True,Libra,12.02963207,True
B200_156,Rondae Hollis-Jefferson,1995-01-03,https://en.wikipedia.org/wiki/Rondae_Hollis-Jefferson,False,Aquarius,14.41153844,False,Leo,8.87586122,True,Scorpio,2.38071397,False,Scorpio,11.43950692,False,Libra,17.84485799,True,Aries,17.84485799,True
B200_157,Ali ibn Husayn Zayn al-Abidin,,https://en.wikipedia.org/wiki/Ali_ibn_Husayn_Zayn_al-Abidin,False,,,,,,,,,,,,,,,,,,
B200_158,Hugh Boulter,1672-01-04,https://en.wikipedia.org/wiki/Hugh_Boulter,False,Aquarius,25.55557709,False,Scorpio,3.9836267,False,Scorpio,12.82387512,False,Leo,28.9497327,True,Aquarius,29.43731192,True,Leo,29.43731192,True
B200_159,Isaac Pitman,1813-01-04,https://en.wikipedia.org/wiki/Isaac_Pitman,False,Sagittarius,19.50960648,False,Libra,24.90620887,False,Scorpio,18.34301175,False,Cancer,15.34797217,True,Leo,0.38898809,True,Aquarius,0.38898809,True
B200_160,Josef Suk,1874-01-04,https://en.wikipedia.org/wiki/Josef_Suk,False,Capricorn,10.5681413,False,Aquarius,10.49183368,False,Sagittarius,9.90223975,False,Virgo,9.47455458,False,Aries,19.72363228,True,Libra,19.72363228,True
B200_161,Edward Brooker,1891-01-04,https://en.wikipedia.org/wiki/Edward_Brooker,False,Leo,24.80021275,True,Aquarius,21.47781408,False,Scorpio,14.29126642,False,Capricorn,22.92859167,False,Taurus,20.69553437,True,Scorpio,20.69553437,True
B200_162,Malietoa Tanumafili II,1913-01-04,https://en.wikipedia.org/wiki/Malietoa_Tanumafili_II,False,Taurus,5.06622524,True,Sagittarius,2.86328145,False,Aquarius,4.17729619,False,Sagittarius,7.73813235,False,Pisces,14.9039544,True,Virgo,14.9039544,True
B200_163,Sorrell Booke,1930-01-04,https://en.wikipedia.org/wiki/Sorrell_Booke,False,Sagittarius,11.24700164,False,Sagittarius,11.67760973,False,Sagittarius,12.58870064,False,Taurus,14.68313232,True,Aries,15.87608184,True,Libra,15.87608184,True
B200_164,Eberhard Wagner,1938-01-04,https://en.wikipedia.org/wiki/Eberhard_Wagner,False,Pisces,6.35217969,False,Aquarius,17.41859423,False,Sagittarius,13.15328561,False,Capricorn,10.44244043,False,Scorpio,11.03323969,True,Taurus,11.03323969,True
B200_165,Chris Cutler,1947-01-04,https://en.wikipedia.org/wiki/Chris_Cutler,False,Cancer,14.03120432,True,Sagittarius,20.63583682,False,Scorpio,5.96155568,False,Libra,27.85795178,False,Taurus,16.84831462,True,Scorpio,16.84831462,True
B200_166,Patty Loveless,1957-01-04,https://en.wikipedia.org/wiki/Patty_Loveless,False,Scorpio,16.41243478,False,Pisces,22.4282782,False,Scorpio,26.31194647,False,Virgo,8.31522639,False,Scorpio,3.2683267,True,Taurus,3.2683267,True
B200_167,Deana Carter,1966-01-04,https://en.wikipedia.org/wiki/Deana_Carter,False,Aquarius,19.32986015,False,Capricorn,16.25898993,False,Capricorn,20.42544843,False,Gemini,0.62437304,True,Taurus,9.08346124,True,Scorpio,9.08346124,True
B200_168,Shane Carwin,1975-01-04,https://en.wikipedia.org/wiki/Shane_Carwin,False,Gemini,22.07361598,True,Scorpio,23.95932267,False,Capricorn,4.25843414,False,Aquarius,20.40106092,False,Scorpio,14.89862184,True,Taurus,14.89862184,True
B200_169,Javi Fuego,1984-01-04,https://en.wikipedia.org/wiki/Javi_Fuego,False,Libra,20.59906079,False,Libra,2.89864161,False,Scorpio,10.48695128,False,Sagittarius,3.06355877,False,Taurus,20.71381137,True,Scorpio,20.71381137,True
B200_170,Kris Bryant,1992-01-04,https://en.wikipedia.org/wiki/Kris_Bryant,False,Capricorn,12.49898838,False,Sagittarius,2.61860103,False,Scorpio,10.9121807,False,Leo,20.84436446,True,Sagittarius,15.87111847,True,Gemini,15.87111847,True
B200_171,Wessam Abou Ali,1999-01-04,https://en.wikipedia.org/wiki/Wessam_Abou_Ali,False,Aries,2.95890028,False,Virgo,26.25888299,False,Capricorn,5.92864083,False,Aquarius,28.62634662,False,Leo,0.37053196,True,Aquarius,0.37053196,True
B200_172,"Richard, 1st Earl of Cornwall",1209-01-05,https://en.wikipedia.org/wiki/Richard%2C_1st_Earl_of_Cornwall,False,Gemini,21.29434576,True,Virgo,21.4512184,False,Sagittarius,27.20605256,False,Leo,15.73191664,True,Capricorn,20.79434494,True,Cancer,20.79434494,True
B200_173,Jean-Baptiste Say,1767-01-05,https://en.wikipedia.org/wiki/Jean-Baptiste_Say,False,Taurus,23.59666859,True,Pisces,16.97539936,False,Sagittarius,23.3550469,False,Virgo,2.31292402,False,Capricorn,20.65816701,True,Cancer,20.65816701,True
B200_174,King Camp Gillette,1855-01-05,https://en.wikipedia.org/wiki/King_Camp_Gillette,False,Taurus,18.18328045,True,Capricorn,13.87936875,False,Sagittarius,28.33325788,False,Capricorn,12.07283314,False,Aries,27.43609646,True,Libra,27.43609646,True
B200_175,Nikolai Medtner,1880-01-05,https://en.wikipedia.org/wiki/Nikolai_Medtner,False,Pisces,17.31004663,False,Aries,23.27143063,False,Scorpio,8.1277643,False,Aquarius,17.68596435,False,Sagittarius,23.56488571,True,Gemini,23.56488571,True
B200_176,Yves Tanguy,1900-01-05,https://en.wikipedia.org/wiki/Yves_Tanguy,False,Sagittarius,5.77165821,False,Sagittarius,24.87520325,False,Capricorn,19.50082703,False,Scorpio,9.53849584,False,Scorpio,26.4574694,True,Taurus,26.4574694,True
B200_177,Jack Lovelock,1910-01-05,https://en.wikipedia.org/wiki/Jack_Lovelock,False,Pisces,24.03073579,False,Pisces,27.64697626,False,Aquarius,2.98283649,False,Virgo,21.03975252,False,Taurus,12.93030238,True,Scorpio,12.93030238,True
B200_178,Anthony Synnot,1922-01-05,https://en.wikipedia.org/wiki/Anthony_Synnot,False,Virgo,14.71229075,False,Libra,13.05473023,False,Sagittarius,13.28266603,False,Virgo,24.87433477,False,Virgo,20.66595572,True,Pisces,20.66595572,True
B200_179,Alvin Ailey,1931-01-05,https://en.wikipedia.org/wiki/Alvin_Ailey,False,Sagittarius,21.34815217,False,Cancer,21.74156846,True,Scorpio,8.23630142,False,Gemini,22.74225443,True,Pisces,26.48098126,True,Virgo,26.48098126,True
B200_180,Maurizio Pollini,1942-01-05,https://en.wikipedia.org/wiki/Maurizio_Pollini,False,Aries,28.88273019,True,Aries,3.86164088,False,Capricorn,27.03784827,False,Taurus,19.91657106,True,Leo,23.55883409,True,Aquarius,23.55883409,True
B200_181,Pamela Sue Martin,1953-01-05,https://en.wikipedia.org/wiki/Pamela_Sue_Martin,False,Libra,3.27697831,False,Aquarius,11.1120966,False,Aquarius,6.83486462,False,Aries,17.77174243,False,Capricorn,20.63672716,True,Cancer,20.63672716,True
B200_182,Iris DeMent,1961-01-05,https://en.wikipedia.org/wiki/Iris_DeMent,False,Sagittarius,26.80178323,False,Gemini,13.08227882,True,Aquarius,7.08869126,False,Sagittarius,21.82692692,False,Leo,15.79394751,True,Aquarius,15.79394751,True
B200_183,Stian Carstensen,1971-01-05,https://en.wikipedia.org/wiki/Stian_Carstensen,False,Aries,22.3778558,True,Libra,25.45332552,False,Scorpio,5.17498556,False,Scorpio,4.96966231,False,Aquarius,2.26699866,True,Leo,2.26699866,True
B200_184,Jason Basham,1979-01-05,https://en.wikipedia.org/wiki/Jason_Basham,False,Leo,20.25053125,True,Sagittarius,24.61369942,False,Scorpio,4.80809533,False,Cancer,12.92762468,True,Leo,27.4242667,True,Aquarius,27.4242667,True
B200_185,Brian Mushana Kwesiga,1987-01-05,https://en.wikipedia.org/wiki/Brian_Mushana_Kwesiga,False,Scorpio,22.20380359,False,Pisces,4.21835391,False,Scorpio,4.506767,False,Aquarius,24.56635338,False,Pisces,22.58155896,True,Virgo,22.58155896,True
B200_186,Toafofoa Sipley,1995-01-05,https://en.wikipedia.org/wiki/Toafofoa_Sipley,False,Aquarius,14.58607552,False,Leo,8.8340553,True,Scorpio,4.27502798,False,Scorpio,11.83325487,False,Libra,17.73887395,True,Aries,17.73887395,True
B200_187,Gertrude the Great,1256-01-06,https://en.wikipedia.org/wiki/Gertrude_the_Great,False,Capricorn,18.31252,False,Virgo,17.54046341,False,Aquarius,19.35300572,False,Leo,0.72323036,True,Cancer,11.06798655,True,Capricorn,11.06798655,True
B200_188,Caspar Peucer,1525-01-06,https://en.wikipedia.org/wiki/Caspar_Peucer,False,Aquarius,29.68923558,False,Virgo,24.28229791,False,Scorpio,11.73097137,False,Pisces,14.8931283,False,Capricorn,24.54594815,True,Cancer,24.54594815,True
B200_189,Giuseppe Sammartini,1695-01-06,https://en.wikipedia.org/wiki/Giuseppe_Sammartini,False,Sagittarius,18.33864976,False,Sagittarius,29.65736604,False,Sagittarius,20.76838277,False,Leo,6.04812183,True,Sagittarius,4.14289491,True,Gemini,4.14289491,True
B200_190,Jedediah Smith,1799-01-06,https://en.wikipedia.org/wiki/Jedediah_Smith,False,Cancer,2.27285912,True,Pisces,22.68078868,False,Sagittarius,26.88142708,False,Aries,25.33878109,True,Taurus,1.23210924,True,Scorpio,1.23210924,True
B200_191,Giuseppe Martucci,1856-01-06,https://en.wikipedia.org/wiki/Giuseppe_Martucci,False,Gemini,3.23071465,True,Virgo,18.55636091,False,Scorpio,8.47738099,False,Aquarius,9.99337745,False,Aries,8.04096956,True,Libra,8.04096956,True
B200_192,Tom Mix,1880-01-06,https://en.wikipedia.org/wiki/Tom_Mix,False,Pisces,17.35411604,False,Aries,23.50293178,False,Scorpio,9.28334658,False,Aquarius,17.87248487,False,Sagittarius,23.51189358,True,Gemini,23.51189358,True
B200_193,Maria of Yugoslavia,1900-01-06,https://en.wikipedia.org/wiki/Maria_of_Yugoslavia,False,Sagittarius,5.88633892,False,Sagittarius,25.64856774,False,Capricorn,20.74230873,False,Scorpio,9.72798786,False,Scorpio,26.40447729,True,Taurus,26.40447729,True
B200_194,Henry Corden,1920-01-06,https://en.wikipedia.org/wiki/Henry_Corden,False,Leo,18.75204979,True,Virgo,26.40750307,False,Scorpio,9.7431757,False,Cancer,23.76119802,True,Libra,29.35018007,True,Aries,29.35018007,True
B200_195,Vic Tayback,1930-01-06,https://en.wikipedia.org/wiki/Vic_Tayback,False,Sagittarius,11.48106823,False,Sagittarius,13.18812661,False,Sagittarius,15.10430655,False,Taurus,14.51410105,True,Aries,15.77009768,True,Libra,15.77009768,True
B200_196,Valeriy Lobanovskyi,1939-01-06,https://en.wikipedia.org/wiki/Valeriy_Lobanovskyi,False,Pisces,18.6863896,False,Libra,22.89544699,False,Scorpio,8.1724815,False,Aquarius,8.50868227,False,Libra,21.58514978,True,Aries,21.58514978,True
B200_197,Louis Freeh,1950-01-06,https://en.wikipedia.org/wiki/Louis_Freeh,False,Leo,26.23325236,True,Virgo,10.99112843,False,Capricorn,25.25135376,False,Capricorn,14.5969244,False,Pisces,18.66303127,True,Virgo,18.66303127,True
B200_198,Kapil Dev,1959-01-06,https://en.wikipedia.org/wiki/Kapil_Dev,False,Sagittarius,6.82183105,False,Aries,25.08619886,False,Capricorn,5.65380053,False,Scorpio,1.67559425,False,Virgo,24.47814432,True,Pisces,24.47814432,True
B200_199,Norman Reedus,1969-01-06,https://en.wikipedia.org/wiki/Norman_Reedus,False,Pisces,25.50781249,False,Libra,10.86685222,False,Aquarius,8.43950941,False,Virgo,12.31987932,False,Pisces,10.89819703,True,Virgo,10.89819703,True
B200_200,Rinko Kikuchi,1981-01-06,https://en.wikipedia.org/wiki/Rinko_Kikuchi,False,Virgo,16.06161967,False,Capricorn,11.56608646,False,Sagittarius,0.42761251,False,Virgo,16.27498877,False,Cancer,18.63409938,True,Capricorn,18.63409938,True
