title,score,id,url,comms_num,created,body,timestamp
planet movement in birth chart,2,n8wrgr,https://www.reddit.com/r/astrology/comments/n8wrgr/planet_movement_in_birth_chart/,3,1620624329.0,"Can anyone help me with planet movement? I know that it takes venus and sun 30 days to move through a sign, jupiter is a year and saturn is 2,5 years and so on. but i don't understand how and why it moves back and forth between pisces and capricorn or if it moves clockwise of counter clockwise.

It could be grateful if someone help me explain how transit/movement work in birthchart",2021-05-10 08:25:29
When reading horoscopes do you read for natal or progressed?,9,nbn8dh,https://www.reddit.com/r/astrology/comments/nbn8dh/when_reading_horoscopes_do_you_read_for_natal_or/,5,1620929568.0,"This includes all readings like articles for sun/rising signs, astrologers on YouTube, tarot readings based on astrology on YouTube. I always used my natal but I feel like maybe I should be checking my progressed signs instead or maybe as well 🤷‍♀️",2021-05-13 21:12:48
do you guys like to interpret asteroids in a specific way when reading your birth charts?,33,ne3fn7,https://www.reddit.com/r/astrology/comments/ne3fn7/do_you_guys_like_to_interpret_asteroids_in_a/,13,1621215389.0,"i feel like depending on where the asteroid is in the chart could change the interpretation, along with the aspects, but what do you think????",2021-05-17 04:36:29
Dissociation and Mental Illness In Birth Chart,86,ndpo4k,https://www.reddit.com/r/astrology/comments/ndpo4k/dissociation_and_mental_illness_in_birth_chart/,155,1621175832.0, Does anyone know what to look for in a natal chart when someone has a mental illness like a dissociative identity disorder?,2021-05-16 17:37:12
What are birth charts gonna look like once humans start being born in other planets,320,nd5hoo,https://www.reddit.com/r/astrology/comments/nd5hoo/what_are_birth_charts_gonna_look_like_once_humans/,49,1621103933.0,"I was wondering how our conception of astrology is gonna have to evolve once humans are born in other planets, maybe is not gonna happen soon but it does make me really curious. Earth is not depicted in our birth charts becaus it is the starting point to draw it, so, if a baby is born in mars, are they just not gonna have a mars placement on their charts? are they gonna have an earth placement? how is that going to affect them and their lives? are the calculations we do to create a chart, applicable all over the universe? to what point does the balance and analysis of energy as we know it is earthly bound? 

so yeah, let me know what you think or if there's anything I can read to satisfy my thirst for tripping",2021-05-15 21:38:53
Jacques Pépin birth chart help.,3,njnym6,https://www.reddit.com/r/astrology/comments/njnym6/jacques_pépin_birth_chart_help/,3,1621825012.0,"Hey everyone. I am brand new student to astrology, and besides using my own birth chart I would like to use one my hero’s chart, but I’m having a really hard time finding the birth time. 

Jacques Pepin was born on December 18th, 1935 in Bourg-en-Bress, France. I have looked at the ephemeris and have suspicions of some placements, but am still too new to be confidently sure. I have asked social media accounts associated with him and no response. 

Does anyone feel confident in there abilities to possibly attempt to find the info I seek? Thanks in advance for reading and I hope you all have a wonderful day/night :)",2021-05-24 05:56:52
Rising vs Sun sign horoscopes,35,noq873,https://www.reddit.com/r/astrology/comments/noq873/rising_vs_sun_sign_horoscopes/,35,1622427603.0,Ok I want to understand these concepts because I’ve heard you base horoscopes off your rising not your sun sign does anyone have the explanation to this?,2021-05-31 05:20:03
My birth chart blew my mind.,25,nktqz2,https://www.reddit.com/r/astrology/comments/nktqz2/my_birth_chart_blew_my_mind/,10,1621959952.0,"Hi all. Just joined this community after reading my birth chart online. I did it more for fun as a skeptic and it ended up being scary accurate and specific. Like impossible to be a coincidence in multiple areas. So call me a new believer! Mind blown. Not even sure where to go from here or what to do but I need more of this shit bc it’s the real deal. Any recommendations for books, podcasts, influencers, etc. are appreciated :)",2021-05-25 19:25:52
How to identify education/learning prospects in the birth chart?,3,nm0fs8,https://www.reddit.com/r/astrology/comments/nm0fs8/how_to_identify_educationlearning_prospects_in/,4,1622093436.0,"I know that the 9th House is indicative of higher learning, but what do you look for?  I’m having a hard time visualizing how different aspects could play out in someone’s education (or lack there of) or learning style.  

Unless Jupiter has a very telling placement (eg, aspected to a 9th House planet), it’s hard for me to look at Jupiter and perceive how it affects someone’s education.   I can look at the ruler of the 9th House, but if that planet is heavily aspected ( or not aspected at all) , it’s hard to pinpoint how the energy could influence one’s education.

Thank you in advance!!",2021-05-27 08:30:36
Total Lunar Eclipse in Sagittarius for all Zodiac Signs | 26 May to 19 Nov Astrology Horoscope,17,nlrpka,https://www.reddit.com/r/astrology/comments/nlrpka/total_lunar_eclipse_in_sagittarius_for_all_zodiac/,0,1622063696.0,"𝟐𝟔 𝐌𝐚𝐲 𝐅𝐮𝐥𝐥 𝐌𝐨𝐨𝐧 𝐓𝐨𝐭𝐚𝐥 𝐋𝐮𝐧𝐚𝐫 𝐄𝐜𝐥𝐢𝐩𝐬𝐞 (𝐁𝐥𝐨𝐨𝐝 𝐌𝐨𝐨𝐧)

𝓞𝓿𝓮𝓻𝓿𝓲𝓮𝔀

On 26th May at 7:14am eastern time we would experience a total lunar eclipse at 5º26’ Sagittarius which would influence us for the next 6 months to November. Super Flower Full Moon or Blood Moon would be totally eclipsed and turn a shade of red for about 14 minutes visible from Australia, Western US &amp;amp; South America, South East Asia. Lunar Eclipses with south node bring about completions, ending, conclusions and 5enlightenment. Full extend of whats ended or completed or shifted in our belief system wouldn’t be evident till early September. This marks the last Lunar Eclipse with south node for next 19 years and is a great reset of our collective minds and ideologies. An ideology, a mentor, an influence, a long held belief which we have trusted like a religion is dethroned as we make a new discovery &amp;amp; we detach from that influence as they aren’t part of our future karma. It strongly influences our nervous system and mind as it has a stimulating effect. We feel the need for more freedom, breaking some old shackles, we want to discover capacity of our mind to expand beyond its old conditioning and our old education. Our restless mind looks for new stimulation as boredom and any constraint hurt more than usual making us high strung. What’s my next adventure, whats the point of all this fire that goes nowhere, whats my next cause, my next crusade, whats the purpose of it all. The mutable T square this eclipse makes with Jupiter is exaggerating it all while giving it an outlet at the same time. This eclipse is challenge of the mind as it asks some questions or raising some conflicts we normally avoid responding to &amp;amp; go straight to the refrigerator or wine cellar if one has it. It has enormous energy but can we guide it, can we focus it and find an apt channel for the noises in our head. That’s key. A Sagittarius lunar eclipse always leaves us wiser even if its after it goes on a bender (not recommending it). Its an eclipse of excess. Focus the mind, use the revelations to acknowledge and accept release of a life adventure &amp;amp; pattern of growth that started towards end 2011 / early 2012 due to a choice you made in Mid 2002 to early 2003. In immediate tangibles things, it would be last 6 months coming to a logical conclusion. 

Use this eclipse to focus a mission statement, a purpose which elevates you every time you backtrack. Its what will keep you going. Happy Buddha Purnima to those who celebrate, its the day Buddha attained enlightenment &amp;amp; is considered to have been born as Buddha, how apt.

Let’s move, stay active, try to look alive, its Sagittarius full moon after all!

𝓓𝓮𝓽𝓪𝓲𝓵𝓼

[Click to Watch the Details](https://youtu.be/q0zFJVq2sww) 

[Click to listen to the details](https://open.spotify.com/episode/5UlMSjJCcOjSnw8e9X9bPV?si=Xz0yHIrHQYy2U-6Qt6L60A) 

[Click to Continue Reading the details ](https://link.medium.com/ntYr4t8iAgb) 

[Area of life influenced by Zodiac Sign](https://link.medium.com/lt5IdscjAgb)",2021-05-27 00:14:56
Death in Birth Chart or Transits?,27,nmw86f,https://www.reddit.com/r/astrology/comments/nmw86f/death_in_birth_chart_or_transits/,37,1622202991.0,"Does anyone have an case examples of death being seen in the birth chart?

Does anyone know anyone who has passed away and can see this indicated in their natal chart or transits at the time of passing?

Has anyone been able to see their own possible cause of death in the natal chart?",2021-05-28 14:56:31
best free horoscope app? (compatibility included),6,nmtczs,https://www.reddit.com/r/astrology/comments/nmtczs/best_free_horoscope_app_compatibility_included/,9,1622191466.0,i usually just use snap for compatibility and read my horoscope from the paper (i found an author i liked) but i was hoping for a free app that does both on ios?,2021-05-28 11:44:26
Billionaire aspects,8,nmmr0d,https://www.reddit.com/r/astrology/comments/nmmr0d/billionaire_aspects/,26,1622165586.0,"Hi, what aspects and placements are billionaire aspects? I’ve looked into a few but was wondering what other people’s thoughts and experiences were with them.",2021-05-28 04:33:06
how to predict diseases in birth chart?,8,nyfwr0,https://www.reddit.com/r/astrology/comments/nyfwr0/how_to_predict_diseases_in_birth_chart/,9,1623530320.0,"i was wondering if anyone can help me with this, as im confused on how to do it.",2021-06-12 23:38:40
Mercury retrograde in birth chart?,16,nwj86p,https://www.reddit.com/r/astrology/comments/nwj86p/mercury_retrograde_in_birth_chart/,10,1623316679.0,Do people with mercury retrograde in their charts feel opposite effects of a mercury retrograde?,2021-06-10 12:17:59
Are the houses placements unique in every birth chart?,2,nv0lg4,https://www.reddit.com/r/astrology/comments/nv0lg4/are_the_houses_placements_unique_in_every_birth/,4,1623143700.0,"So I'm here with another question. I know that there are inner planets that directly affect you as a person and there are outer planets that affect the whole generation. So is it the same with houses? I am still a bit confused about how they work. Like if people are born on the same year does it mean they'll have certain houses at the same sign or contain the same planets in some houses? 

I'm wondering what placements are unique in your birth chart and what placements you share with the whole generation. And also when it comes to houses what is the difference between the sign that your house starts at and the planets it contains. And what does it mean when it doesn't contain any planets? And also what if you have multiple houses containing the same planet? Or what does it mean if house containing multiple planets?

Basically I'm confused about houses in general, because I know what each house mean, but I don't quite understand how to interpret them.",2021-06-08 12:15:00
How to read a birth chart for a business organization?,2,ntetss,https://www.reddit.com/r/astrology/comments/ntetss/how_to_read_a_birth_chart_for_a_business/,4,1622958613.0,"Just like how we read our own natal chart? 

What does the 8th house or 12th house indicate in this case? 

Which are the most important houses/aspects for buisness, wealth, success?",2021-06-06 08:50:13
How do retrograde planets affect your birth chart?,115,ntjcv3,https://www.reddit.com/r/astrology/comments/ntjcv3/how_do_retrograde_planets_affect_your_birth_chart/,135,1622977621.0,"Do retrograde planets mean they will slow you down in life and just give you more problems to deal with throughout your life path? what’s the point of them? are there any ways to reduce their impact or do you just have to accept them? Do people with bigger amount of retrograde planets in their birth chart tend to have more difficulties and problems in life? is it a bad sign if you have a lot of retrograde planets and asteroids in your natal chart?
Also please tell me what retrograde juno means",2021-06-06 14:07:01
Can I see Nakshatras in Astrodienst?,3,nt1if2,https://www.reddit.com/r/astrology/comments/nt1if2/can_i_see_nakshatras_in_astrodienst/,10,1622916096.0,"I'm new to Nakshatras \\ Lunar Mensions. I want to know if I can add those to my chart, or is there a special chart for them; or is there nothing in Astrodienst. If not - is there another place where I can see them? (preferably in a ""Western""\\circular chart). I prefer the 27 division, and Tropical.",2021-06-05 21:01:36
Aries and Aquarius combination in birth chart,6,pgbu2y,https://www.reddit.com/r/astrology/comments/pgbu2y/aries_and_aquarius_combination_in_birth_chart/,17,1630562018.0,How would you describe this combination in a birth chart? I instantly think of someone who fights and stands up for other people in terms of humanitarian or social rights.,2021-09-02 08:53:38
"MacKenzie Scott, former wife of Jeff Bezos and philanthropist who has donated more than $8 billion, has 5 planets in Taurus in her 1st house",159,o0nupx,https://i.redd.it/utdneeijoh571.png,34,1623789037.0,,2021-06-15 23:30:37
How to compare birth charts,4,ocfu1u,https://www.reddit.com/r/astrology/comments/ocfu1u/how_to_compare_birth_charts/,4,1625249664.0,"Hey everyone, is there a site I can use to compare mine and husband’s birth charts? Thanks in advance",2021-07-02 21:14:24
Weekly/monthly horoscopes?,1,oc8pew,https://www.reddit.com/r/astrology/comments/oc8pew/weeklymonthly_horoscopes/,7,1625227587.0,"Hi - I'm trying to find any social media astrologers that put out regular horoscopes for the rising signs, if possible preferably on youtube. 

Does anyone have any recommendations?",2021-07-02 15:06:27
How do you weaken the planet in a birth chart? (Saturn specifically),6,oby96m,https://www.reddit.com/r/astrology/comments/oby96m/how_do_you_weaken_the_planet_in_a_birth_chart/,12,1625183162.0,"So let’s say there’s a really strong influence on your birth chart coming from one planet and you want to weaken it quite a lot, so the influence of other planets won’t be overlapped by that planet. How do you do it?",2021-07-02 02:46:02
Is there a thing where you can put in a birth chart and your location and it will give you the dob/time for that birth chart?,3,o6dc7i,https://www.reddit.com/r/astrology/comments/o6dc7i/is_there_a_thing_where_you_can_put_in_a_birth/,4,1624456668.0,I wanna find out what would be an all aquarius birth chart etc,2021-06-23 16:57:48
Are degrees really important in birth chart reading?,9,o64bc5,https://www.reddit.com/r/astrology/comments/o64bc5/are_degrees_really_important_in_birth_chart/,13,1624417968.0,"I just read some dark stuff about some degrees, such as 9 degrees of gemini that signifies violent death or homicide and that it attracts dangerous enemies and I just want to know if its true. Like are some degrees really that bad and how do you deal with those? 

What degrees are significant in your birth chart and are there any websites that would help you to interpret them?",2021-06-23 06:12:48
What additional asteroids would you recommend to pay attention to while reading a birth chart?,10,o5mop7,https://www.reddit.com/r/astrology/comments/o5mop7/what_additional_asteroids_would_you_recommend_to/,12,1624367056.0,any asteroids that you find really interesting/important to look into?,2021-06-22 16:04:16
What aspects do you find the most interesting\strong\challenging\beneficial/etc to have in the birth chart?,95,o4t289,https://www.reddit.com/r/astrology/comments/o4t289/what_aspects_do_you_find_the_most/,132,1624275312.0,Probably you saw some aspects in someone's birth chart on in some celebrity's birth chart that caught your attention? Or if there are any aspects that you specifically notice first in the birth chart.,2021-06-21 14:35:12
What is a good horoscope app/website?,29,oxq07i,https://www.reddit.com/r/astrology/comments/oxq07i/what_is_a_good_horoscope_appwebsite/,39,1628073785.0,"I always have issues with my horoscope not being accurate so I’ve kind of given up even looking at it, but if I could find an accurate one that would be really nice.",2021-08-04 13:43:05
Why it doesn't make sense to me to plan the birth chart or Sun sign even when getting pregnant. (Manipulating the birth chart),177,ox0y7a,https://www.reddit.com/r/astrology/comments/ox0y7a/why_it_doesnt_make_sense_to_me_to_plan_the_birth/,103,1627987957.0,Since studying astrology it really started to make sense to me why so many things in life seem fated. I really dont think you can manipulate that. Each family has its own karma and experiences to go through. Also I really believe a soul chooses the family and circumstances and thus accepts the fate that comes with the incarnation. How is it that so many people think you have a say in that by pre-planning the birth astrology. I sincerely don't understand.,2021-08-03 13:52:37
help with birth charts,11,oviy1c,https://www.reddit.com/r/astrology/comments/oviy1c/help_with_birth_charts/,7,1627780368.0,does anyone know how to find your birth chart without entering all your information into a random website or app? thanks!,2021-08-01 04:12:48
What happens if your sun sign is different than all your birth chart placements?,4,ov9jbr,https://www.reddit.com/r/astrology/comments/ov9jbr/what_happens_if_your_sun_sign_is_different_than/,10,1627746648.0,"For example, if someone’s sun sign is the only water element and the rest are air and earth, does that person feel conflicted? Would they act like their sun sign at all?",2021-07-31 18:50:48
"When interpreting a stellium in a birth chart, do the planets in the stellium matter? Or just the house & sign?",1,ouz8t1,https://www.reddit.com/r/astrology/comments/ouz8t1/when_interpreting_a_stellium_in_a_birth_chart_do/,1,1627699249.0,Would the planets change the normal interpretation of a stellium? Does it matter if the planetary ruler of that house or sign is in it? What about the Sun?,2021-07-31 05:40:49
Who is responsible for writing horoscopes and general astrology info?,7,opw6ac,https://www.reddit.com/r/astrology/comments/opw6ac/who_is_responsible_for_writing_horoscopes_and/,14,1627019997.0,"Hey guys just a few questions that I've been pondering and would love and appreciate any help you can give me!

I've noticed how popular astrology has been becoming and am interested in who is responsible for determining the characteristics of the star signs and who's writing the horoscopes? How do they determine this information (i.e. where does it come from)?

Do they have to have any qualifications? And is anyone allowed to do this?",2021-07-23 08:59:57
"What are some of the most important things to consider in astrology, when analysing a Birth Chart?",37,oozqr8,https://www.reddit.com/r/astrology/comments/oozqr8/what_are_some_of_the_most_important_things_to/,19,1626903706.0,"Hello all,

I'm new to Astrology and I've just started to learn more about everything (which is a lot) about a birth chart.

I would like to know what are the things, in your opinion, that have the highest weight in an interpretation? I read somewhere that aspects, conjunctions etc. represent 70% of what we are...

Thank you! Have a great day!",2021-07-22 00:41:46
Stelliums in Astrology: Interpreting What They Mean in Your Birth Chart,129,ooyefz,https://youtu.be/HkKtfDBp-Iw,52,1626899632.0,,2021-07-21 23:33:52
"Britney Spears - Birth Chart, Horoscope | Astro-Seek.com- What in her chart/transits indicated success in court on July 14th? Any other indicators of future freedom?",77,olrzlj,https://www.astro-seek.com/birth-chart/britney-spears-horoscope,26,1626475701.0,,2021-07-17 01:48:21
How accurate would a birth chart be if there is an estimated range of 1-2 hours for birth time?,2,ol7biy,https://www.reddit.com/r/astrology/comments/ol7biy/how_accurate_would_a_birth_chart_be_if_there_is/,8,1626401454.0,"I’m curious, because I know that this affects the house placements, but how important are the house placements between 1-2 hours?",2021-07-16 05:10:54
Retrograde planets in birth chart,41,p34ydu,https://www.reddit.com/r/astrology/comments/p34ydu/retrograde_planets_in_birth_chart/,45,1628790427.0,"Wondering if the amount of retrograde planets in a birth chart is significant? Is there such a thing as “whoa, that’s a lot of retrograde”….",2021-08-12 20:47:07
To people that have dabbled with both Western and Sidereal/Vedic astrology...,7,rgut1f,https://www.reddit.com/r/astrology/comments/rgut1f/to_people_that_have_dabbled_with_both_western_and/,23,1639558594.0,"What do you read for your horoscopes? Is it the Western or Sidereal sign? And is it your ascendant (usually recommended) or something else?

I know sometimes the signs coincide but not in my case.

Any tips welcome.",2021-12-15 10:56:34
Birthday Horoscope,20,re9hdh,https://www.reddit.com/r/astrology/comments/re9hdh/birthday_horoscope/,3,1639258677.0,"My favorite newspaper horoscopist passed away during Covid (Jacqueline Bigar). She used to do this thing where she would give every sign a daily horoscope that included a 5 star ranking and then a recommendation on how to spend their night (i.e. “Tonight: Among friends”).

But what I also loved was that on your birthday she would give you a year ahead. 

After her passing, does anyone have a good rec for where to turn for a great birthday horoscope?",2021-12-11 23:37:57
Richard Tarnas Mundane Astrology Historical Chart,4,r92jw9,https://www.reddit.com/r/astrology/comments/r92jw9/richard_tarnas_mundane_astrology_historical_chart/,8,1638662018.0,"I've been listening to Richard Tarnas's Cosmos and Pysche, and as someone with very little previous exposure to Astrological Theory, I am very impressed, even bewildered. Does anyone know where I could get a chart or diagram of the historical events mentioned in his book in coincidence with the concurrent alignments, conjunctions and transits? Thank you to any responders in advance!",2021-12-05 01:53:38
Book recommendations on understanding meaning of a birth chart?,4,qy2yho,https://www.reddit.com/r/astrology/comments/qy2yho/book_recommendations_on_understanding_meaning_of/,2,1637404372.0,"I'd like to understand what each house represent, if you started with some book please share it",2021-11-20 12:32:52
What do you look for in a birth chart to determine what kind of people someone will be good friends with?,63,qxoj6i,https://www.reddit.com/r/astrology/comments/qxoj6i/what_do_you_look_for_in_a_birth_chart_to/,60,1637352879.0,"Are there certain placements or aspects that can show what traits or sun signs someone will be attracted to in friends or who someone will connect with easily? Certain houses or planets I should look at?


I won't give specific details to avoid breaking the rules of this sub, but I instantly and easily make best friends with people of a sun sign that I'm supposed to be completely incompatible with. I want to figure out if I can find the reasons in my other chart placements.",2021-11-19 22:14:39
For people who have moon and Saturn aspects in their birth chart how does this impact your emotional expression?,35,qphzs1,https://www.reddit.com/r/astrology/comments/qphzs1/for_people_who_have_moon_and_saturn_aspects_in/,64,1636391194.0,And how do you relax? (for leisure and also mh wise if you have anxiety),2021-11-08 19:06:34
Neptune in Astrology: What it Means and Signifies in a Birth Chart,42,qm5mhk,https://youtu.be/-NTKvrrim_c,14,1635977284.0,,2021-11-04 00:08:04
Looking for talents in the birth chart - what to look for?,29,qjobxe,https://www.reddit.com/r/astrology/comments/qjobxe/looking_for_talents_in_the_birth_chart_what_to/,9,1635682678.0,I was wondering what to look for in figuring out talents in the birth chart. Should we look at quintiles and biquintiles? Are there any asteroids?,2021-10-31 14:17:58
Can someone please help me make sense of ruling planets in birth charts?,40,qh53n6,https://www.reddit.com/r/astrology/comments/qh53n6/can_someone_please_help_me_make_sense_of_ruling/,16,1635364577.0,"If I want to know about a house in a birth chart, I think I'm supposed to look at the sign of that house and where the ruler of that sign is in a chart. I have no idea what to do with this information once I have it.

My basic question is exactly that: what do I do with this information once I have it?

I have a couple more specific questions, but I'm going to use an example for the sake of my brain not exploding 😅

Let's look at Beyonce's birth chart. Let's say we want to know about her 1st house, which is Leo. I would look at the ruler of Leo, which is the Sun. In Bey's chart, the Sun is in Virgo in her 2nd house. The ruler of Virgo is Mercury.

1. Is it the house that's important or the sign of that house? (E.g., am I looking for the significance of the 2nd house or of Virgo? Does the ruler of Virgo matter?)

2. How are the 2 houses connected? Does one influence the other? (E.g., do the effects of the 1st house play out in the 2nd house or vice versa? Does the energy of Virgo/Mercury have some kind of influence on her 1st house?)

3. What does the placement of the planetary ruler of a house mean? (E.g., what does this placement mean for the 1st house? Is it only related to the house or sign that the sun is in? Is the aspect of the sun & mercury important, or the aspect of the ascendant and the sun important?)",2021-10-27 22:56:17
Trigger Warning: this question is about double blind research and birth chart astrology (western zodiac),6,qeerk9,https://www.reddit.com/r/astrology/comments/qeerk9/trigger_warning_this_question_is_about_double/,7,1635027130.0,"I've been indulging conversations with someone about astrology a little too much lately on the detailed birth charts i.e. not just general sign but chart based on a number of celestial positions.

I know I'm gonna get flamed for asking this here but some of the things this person said - who I met on tinder and had no prior knowledge of me (random sample) were a little too specifically uncanny. Or maybe it's just my unconcious biases... Idk.

Are there any / if any published and peer reviewed papers that look into randomised double blind analysis of either people reading these charts or behaviours and their correlation to their predicted behaviours based on birth chart zodiac.

Help an Aquarius friend having an existential crisis fam ♒",2021-10-24 01:12:10
When creating the birth chart of someone who was born before the start of the gregorian calandar (for example Roman Emperors or people like Shakespeare or daVinci) Do we still use gregorian or do we use the Julian calander date?,17,q8ul3t,https://www.reddit.com/r/astrology/comments/q8ul3t/when_creating_the_birth_chart_of_someone_who_was/,4,1634323003.0,I am curious about this. Does anybody have a response?,2021-10-15 21:36:43
We should talk about the Vedic system of planet maturity…,67,q84vda,https://www.reddit.com/r/astrology/comments/q84vda/we_should_talk_about_the_vedic_system_of_planet/,55,1634233702.0,"These are penultimate years in a person’s life where the planets ‘mature’, or give a concentrated effect. 

16, 27, 31, 35…

These are pivotal years.",2021-10-14 20:48:22
What in a birth chart may signify an early marriage?,55,q6sk2e,https://www.reddit.com/r/astrology/comments/q6sk2e/what_in_a_birth_chart_may_signify_an_early/,85,1634063527.0,"My guess would be maybe Saturn trine Venus or Juno, Juno in the first, seventh or fourth house, or sun conjunct juno. I feel like it would be more Juno focused then Venus focused and have strong ties to identity or 4th house with home life.",2021-10-12 21:32:07
"What could Saturn in the 2nd house mean, other than wealth?",40,q6brei,https://www.reddit.com/r/astrology/comments/q6brei/what_could_saturn_in_the_2nd_house_mean_other/,34,1634004981.0,"Edit: Poor wording on my part, but I meant other than the interpretation that includes financial matters (living in lack, etc.)

Also, thank you everyone that has commented! I see self-worth is a common answer for this, and it definitely makes a lot of sense given the 2nd house rules values and such and is progressed from the 1st house.",2021-10-12 05:16:21
Saturn in Astrology: What it Means in a Birth Chart,33,q47ekg,https://youtu.be/C4KGWESejNs,4,1633728921.0,,2021-10-09 00:35:21
Life purpose and mission on the planet using birth chart.,39,q3aqvh,https://www.reddit.com/r/astrology/comments/q3aqvh/life_purpose_and_mission_on_the_planet_using/,49,1633618214.0,"Is there something in the birth chart, that could hint towards a person's life purpose or soul mission in this life time. Do we have specificities in our charts which could help us find work or career or our purpose at large that truly would happen to be emotionally satisfying and soulful.",2021-10-07 17:50:14
is it common to have all 4 elements in your birth chart?,38,q2sdfs,https://www.reddit.com/r/astrology/comments/q2sdfs/is_it_common_to_have_all_4_elements_in_your_birth/,19,1633550850.0,"I am not sure how common this is but it clicked yesterday whether it is a common thing to have all 4 elements in your birth chart? 
And another question is.. What does it indicate if you have all 4 elements in your birth chart? And no single one prominent element.",2021-10-06 23:07:30
Studying Traditional Astrology ::: Interpreting Birth Chart,4,pumvy0,https://www.reddit.com/r/astrology/comments/pumvy0/studying_traditional_astrology_interpreting_birth/,11,1632499556.0,"Greetings Everyone,

Been lurking on this subreddit and learning a lot, so I'm very grateful for this sub to exist.

I've just finished ""On The Heavenly Sphere's"" By Helena Avelar and Luís Ribeiro. It's an awesome book, very serious and with lot's of knowledge. Although I haven't read any other books on Astrology, I felt it was the perfect ""get to know the art"" book.

I felt that I could grasp the principles of the Art, getting to know the history, the planets, signs, houses, their meaning and interactions. In the end of the book, they refer to a reading list that I feel that's way over my head for now (getting into the old school traditional authors doesn't seem like a good idea for a beginner like me but, hey, maybe I'm wrong. If so, please tell me!).

I would like to go further into my studies and learn some more, mainly focusing on interpretation of birth charts, from a traditional perspective. I feel I still need to read some more to be able to analyze a chart and relate planet positions, signs, houses, aspects, dispositors, parts, etc.

Helena and Luís also have another book that's a course on Traditional Astrology. I'll surely order it, but I would like to order some other authors.

Would love some book recommendations, from serious authors, for interpreting birth charts but for the beginner level learning curve.

Thanks in advance!",2021-09-24 19:05:56
Uranus in Astrology: What it Means in a Birth Chart,69,pu7ptt,https://youtu.be/ZfY8Du9xD54,9,1632440743.0,,2021-09-24 02:45:43
Jupiter in Astrology: What it Means in a Birth Chart,22,poemi6,https://youtu.be/CdsQSITPn68,14,1631663472.0,,2021-09-15 02:51:12
How can I read my birth chart?,6,pmurjx,https://www.reddit.com/r/astrology/comments/pmurjx/how_can_i_read_my_birth_chart/,18,1631460517.0,How can I read my birth chart? Is there any website that helps me? Or should I research everything one by one?,2021-09-12 18:28:37
Is there software to find patterns and common planetary configurations among a group of birth charts?,21,plumkm,https://www.reddit.com/r/astrology/comments/plumkm/is_there_software_to_find_patterns_and_common/,11,1631311101.0,Is there software to find patterns and common planetary configurations among a group of birth charts?,2021-09-11 00:58:21
What exactly is the significance of midheaven in a birth chart?,36,pkvo3t,https://www.reddit.com/r/astrology/comments/pkvo3t/what_exactly_is_the_significance_of_midheaven_in/,28,1631185641.0,"I've read somewhere that midheaven indicates your public persona or something but then I got confused because isn't that what your ascendant is? Like, ascendant is your first impression so indirectly it can also be referred to as your public persona. Can anyone explain?",2021-09-09 14:07:21
"Hey! I'm a complete beginner. After some initial research, ive come to understand that there are 2 systems- vedic and western. I'm really interested in learning more of astrology, but my study is obstructed by the confusion of choosing between the two schools of thought. Any help on how to proceed?",9,pbquer,https://www.reddit.com/r/astrology/comments/pbquer/hey_im_a_complete_beginner_after_some_initial/,5,1629946945.0,...,2021-08-26 06:02:25
how are daily horoscopes made?,31,pbofz1,https://www.reddit.com/r/astrology/comments/pbofz1/how_are_daily_horoscopes_made/,22,1629938310.0,my daily horoscope will sometimes say somthing like ''taurus you have x planet in your 5th house of love''. how does that work if everyone has their own specific individual transits?,2021-08-26 03:38:30
Hello! What does it mean if two retrograde planets are in opposition? - birth chart astrology,1,pb9yxf,https://www.reddit.com/r/astrology/comments/pb9yxf/hello_what_does_it_mean_if_two_retrograde_planets/,0,1629893555.0,"I have been looking for an explanation for this everywhere and I haven’t been able to find it. 

I have my Jupiter and mercury in opposition. They are both retrograde in my chart. Also, Jupiter is in the 2nd house in Virgo while my mercury is in my 8th house in Pisces. What is this supposed to mean in my chart?

 Btw I used Vedic astrology so this is based on my sidereal chart but you can analyse it as if it was in my tropical chart. I just find it more reliable :) thanks 😊",2021-08-25 15:12:35
What's your step by step when reading a birth chart?,110,pa3syb,https://www.reddit.com/r/astrology/comments/pa3syb/whats_your_step_by_step_when_reading_a_birth_chart/,27,1629737478.0,"I just want to see how other people approach chart reading and what they pay attention to, and hopefully share experiences.

I generally go like this:
1 - identifying the big 3
2 - locating the chart ruler
3 - locating malefics and benefics according to sect
4 - identifying the personal planets and house rulers
5 - locating the outer planets in the houses
6 - locating challenging aspects
7 - check for chart patterns
8 - look for things like lunar nodes, lilith and asteroids if needed
9 - look for any stationary planet
10 - check for returns/progressions if needed",2021-08-23 19:51:18
