Name,BirthDate,BirthCity,BirthStateProvince,BirthCountry,PrimaryField,MainContribution
Philip Kotler,1931-05-27,Chicago,Illinois,United States,Marketing Strategy,Modern Marketing Management
David Aaker,1938-08-11,Fargo,North Dakota,United States,Brand Strategy,Equity Model & Brand Architecture
Kevin Lane Keller,1956-06-23,Kansas City,Missouri,United States,Brand Management,Customer-Based Brand Equity
Byron Sharp,1962-11-15,Adelaide,South Australia,Australia,Marketing Science,How Brands Grow Empirical Laws
Martin Lindstrom,1970-01-19,Copenhagen,,Denmark,Consumer Behavior,Neuromarketing & Brand Sense
Seth Godin,1960-07-10,Mount Vernon,New York,United States,Brand Strategy,Permission Marketing & Purple Cow
Al Ries,1926-11-14,Indianapolis,Indiana,United States,Brand Strategy,Positioning Theory
Jack Trout,1935-01-31,New York City,New York,United States,Brand Strategy,Positioning Strategy
Theodore Levitt,1925-03-01,Vollmerz,,Germany,Marketing Strategy,Marketing Myopia
Clayton Christensen,1952-04-06,Salt Lake City,Utah,United States,Innovation Strategy,Disruptive Innovation & Jobs-to-be-Done
Daniel Kahneman,1934-03-05,Tel Aviv,,Israel,Behavioral Economics,Prospect Theory & Behavioral Decision Making
Richard Thaler,1945-09-12,East Orange,New Jersey,United States,Behavioral Economics,Nudge Theory & Mental Accounting
Gerald Zaltman,1938-03-24,Batesville,Indiana,United States,Consumer Research,Zaltman Metaphor Elicitation Technique
Jennifer Aaker,1967-05-18,Palo Alto,California,United States,Consumer Psychology,Brand Personality Dimensions
Jagdish Sheth,1938-09-15,Balsinor,Gujarat,India,Consumer Behavior,Theory of Buyer Behavior
Leonard Berry,1942-05-18,Boston,Massachusetts,United States,Service Marketing,SERVQUAL & Service Quality
Don Peppers,1950-09-15,Houston,Texas,United States,Customer Relationship Management,One-to-One Marketing
Martha Rogers,1950-02-14,Cincinnati,Ohio,United States,Customer Relationship Management,Customer-Centric Enterprise
Peter Doyle,1938-07-12,Liverpool,Merseyside,United Kingdom,Marketing Strategy,Value-Based Marketing
Roger Best,1942-04-10,Portland,Oregon,United States,Marketing Analytics,Market-Based Management
E. Jerome McCarthy,1928-02-20,Detroit,Michigan,United States,Marketing Strategy,The 4 Ps of Marketing
Shelby Hunt,1943-07-03,Macon,Georgia,United States,Marketing Theory,Resource-Advantage Theory
Douglas B. Holt,1959-04-12,Chicago,Illinois,United States,Brand Strategy,Cultural Branding
Russell Belk,1947-06-15,Salt Lake City,Utah,United States,Consumer Behavior,Consumer Possessions and Extended Self
Sidney Levy,1921-03-28,Chicago,Illinois,United States,Consumer Research,Symbolic Consumption & Brand Image
William Lazer,1923-01-14,Toronto,Ontario,Canada,Marketing Strategy,Lifestyle Marketing
Yoram Wind,1936-11-20,Haifa,,Israel,Marketing Science,Organizational Buying Behavior & Market Segmentation
V. Kumar,1957-08-03,Chennai,Tamil Nadu,India,Marketing Analytics,Customer Lifetime Value (CLV)
A. Parasuraman,1941-11-29,Chennai,Tamil Nadu,India,Service Marketing,SERVQUAL Scale for Service Quality
Valerie Zeithaml,1948-03-12,Wilmington,North Carolina,United States,Service Marketing,Service Quality Model
Christian Grönroos,1947-03-17,Helsinki,,Finland,Service Marketing,Relationship Marketing & Service Management
Evert Gummesson,1936-07-22,Stockholm,,Sweden,Service Marketing,Total Relationship Marketing
Richard Lutz,1946-09-08,Pittsburgh,Pennsylvania,United States,Consumer Psychology,Consumer Attitude Models
Brian Wansink,1960-03-15,Sioux City,Iowa,United States,Consumer Behavior,Mindless Eating & Food Psychology
Robert Cialdini,1945-04-27,Milwaukee,Wisconsin,United States,Consumer Psychology,Six Principles of Persuasion
Dan Ariely,1967-04-29,New York City,New York,United States,Behavioral Economics,Irrational Behavior & Behavioral Pricing
Cass Sunstein,1954-09-21,Concord,Massachusetts,United States,Behavioral Economics,Nudge Architecture
Amos Tversky,1937-03-16,Haifa,,Israel,Behavioral Economics,Prospect Theory & Heuristics
George Day,1938-12-14,Edmonton,Alberta,Canada,Marketing Strategy,Market-Driven Strategy
Frank Bass,1926-12-11,Cuero,Texas,United States,Marketing Science,Bass Diffusion Model
John Little,1928-09-03,New York City,New York,United States,Marketing Science,Little's Law & Marketing Decision Systems
Donald Morrison,1939-01-15,Vancouver,British Columbia,Canada,Marketing Science,Stochastic Models of Buyer Behavior
Glen Urban,1939-05-04,Cincinnati,Ohio,United States,Marketing Science,Pre-Test Market Models
Derek Abel,1939-10-02,London,,United Kingdom,Marketing Strategy,Strategic Windows
Michael Porter,1947-05-23,Ann Arbor,Michigan,United States,Marketing Strategy,Competitive Strategy & Five Forces
Patricia Myers,1914-11-08,Tokyo,,Japan,Branding Consultancy,Retail Shopper Psychology and In-Store Decision Dynamics
Deborah Cox,1923-03-22,London,,United Kingdom,Digital Marketing Research,Behavioral Nudges in Consumer Choice
Scott Johnson,1963-12-21,New York City,New York,United States,Digital Marketing Research,B2B Relationship Marketing Frameworks
Brian Alvarez,1948-11-27,Cairo,,Egypt,Luxury Brand Strategy,Omnichannel Retail Strategy and Customer Experience
Lisa Cook,1946-03-12,Buenos Aires,,Argentina,Brand Strategy,Cross-Cultural Consumer Behavior Analysis
Mary Davis,1920-09-07,Singapore,,Singapore,Brand Management,Pricing Elasticity and Consumer Choice Architecture
Karen Thomas,1908-10-21,London,,United Kingdom,Academic Marketing Research,Innovation Diffusion and New Product Adoption Models
Karen Kelly,1943-08-15,Toronto,Ontario,Canada,Innovation Strategy,Brand Equity Valuation Frameworks
Larry Evans,1903-02-06,Cairo,,Egypt,Brand Management,Digital Attribution and Customer Lifetime Value Modeling
Christine Rogers,1917-10-12,London,,United Kingdom,Customer Psychology,Behavioral Nudges in Consumer Choice
Maria Thomas,1947-08-14,Mumbai,Maharashtra,India,Luxury Brand Strategy,Social Media Influence and Word-of-Mouth Propagation
Amy Parker,1923-10-25,Milan,,Italy,Market Research,Social Media Influence and Word-of-Mouth Propagation
Donald Mitchell,1964-09-07,São Paulo,São Paulo,Brazil,Consumer Research,Innovation Diffusion and New Product Adoption Models
Thomas Price,1962-11-19,Seoul,,South Korea,Marketing Science,Neuromarketing and Emotional Engagement Measurement
Stephen Scott,1904-10-07,São Paulo,São Paulo,Brazil,Behavioral Economics,Pricing Elasticity and Consumer Choice Architecture
Amanda Anderson,1933-01-16,Paris,,France,Brand Strategy,Innovation Diffusion and New Product Adoption Models
Anna Sanders,1934-01-03,Paris,,France,Service Marketing,Behavioral Nudges in Consumer Choice
John Smith,1904-10-23,Zurich,,Switzerland,Behavioral Economics,Luxury Brand Scarcity and Prestige Positioning
Charles Brooks,1914-10-10,Milan,,Italy,Branding Consultancy,Omnichannel Retail Strategy and Customer Experience
Catherine Diaz,1903-05-23,Tokyo,,Japan,Pricing Strategy,Omnichannel Retail Strategy and Customer Experience
Gregory Young,1935-07-27,Cape Town,,South Africa,Consumer Behavior,B2B Relationship Marketing Frameworks
Alexander Cook,1956-05-06,Melbourne,Victoria,Australia,Digital Marketing Research,Empirical Generalizations in Marketing
Jacob Cook,1974-10-23,Tokyo,,Japan,Consumer Research,Brand Equity Valuation Frameworks
Jason Cook,1976-09-03,Tokyo,,Japan,Advertising Strategy,Service Quality and Customer Satisfaction Metrics
Jason Rodriguez,1961-05-01,Cape Town,,South Africa,Customer Psychology,Innovation Diffusion and New Product Adoption Models
Timothy Brooks,1958-06-24,São Paulo,São Paulo,Brazil,Academic Marketing Research,Brand Equity Valuation Frameworks
Lisa Stewart,1951-12-07,London,,United Kingdom,Brand Strategy,Brand Equity Valuation Frameworks
Barbara Wood,1958-01-02,London,,United Kingdom,Marketing Strategy,Brand Personality Scale and Self-Congruity Theory
Carolyn Smith,1918-02-21,Melbourne,Victoria,Australia,Advertising Strategy,Brand Personality Scale and Self-Congruity Theory
Emily Edwards,1974-08-27,Seoul,,South Korea,Advertising Strategy,Service Quality and Customer Satisfaction Metrics
Donna Powell,1969-06-11,Stockholm,,Sweden,Luxury Brand Strategy,Brand Equity Valuation Frameworks
Dorothy Morris,1969-03-20,Sydney,New South Wales,Australia,Branding Consultancy,B2B Relationship Marketing Frameworks
Kimberly Perez,1919-07-20,São Paulo,São Paulo,Brazil,Consumer Research,Service Quality and Customer Satisfaction Metrics
Brandon James,1900-11-28,Singapore,,Singapore,Customer Psychology,Neuromarketing and Emotional Engagement Measurement
Richard Jackson,1959-01-02,New York City,New York,United States,Luxury Brand Strategy,Behavioral Nudges in Consumer Choice
Matthew Bailey,1936-11-23,São Paulo,São Paulo,Brazil,Market Research,Neuromarketing and Emotional Engagement Measurement
Joshua Gomez,1979-03-20,New York City,New York,United States,Academic Marketing Research,Luxury Brand Scarcity and Prestige Positioning
Amanda Hill,1937-08-20,Toronto,Ontario,Canada,Luxury Brand Strategy,Behavioral Nudges in Consumer Choice
Nicole Jenkins,1924-02-14,Singapore,,Singapore,Consumer Behavior,Digital Attribution and Customer Lifetime Value Modeling
Stephen Chavez,1960-09-04,New York City,New York,United States,Brand Management,Brand Equity Valuation Frameworks
Mark White,1947-04-24,Mumbai,Maharashtra,India,Behavioral Economics,Neuromarketing and Emotional Engagement Measurement
Paul Scott,1947-12-27,Cape Town,,South Africa,Innovation Strategy,Behavioral Nudges in Consumer Choice
Scott Turner,1953-08-27,London,,United Kingdom,Consumer Research,Innovation Diffusion and New Product Adoption Models
Margaret Jimenez,1968-12-16,Cape Town,,South Africa,Brand Management,Neuromarketing and Emotional Engagement Measurement
Margaret Phillips,1916-12-28,Zurich,,Switzerland,Advertising Strategy,Neuromarketing and Emotional Engagement Measurement
Justin Clark,1945-05-03,New York City,New York,United States,Academic Marketing Research,Omnichannel Retail Strategy and Customer Experience
Helen Wright,1932-03-18,Cairo,,Egypt,Brand Strategy,Service Quality and Customer Satisfaction Metrics
Patrick Clark,1931-06-23,London,,United Kingdom,Customer Psychology,Consumer Decision Journey Modelling
Emma Martin,1932-09-11,Stockholm,,Sweden,Behavioral Economics,Social Media Influence and Word-of-Mouth Propagation
Frank Lewis,1949-09-24,Milan,,Italy,Behavioral Economics,Pricing Elasticity and Consumer Choice Architecture
Larry Mitchell,1919-01-08,Zurich,,Switzerland,Luxury Brand Strategy,Behavioral Nudges in Consumer Choice
Stephanie Hughes,1914-12-02,London,,United Kingdom,Branding Consultancy,Pricing Elasticity and Consumer Choice Architecture
Jessica Rogers,1961-06-26,Seoul,,South Korea,Academic Marketing Research,B2B Relationship Marketing Frameworks
Michelle Moore,1953-11-28,Paris,,France,Consumer Research,Service Quality and Customer Satisfaction Metrics
Jennifer Morales,1904-07-04,Berlin,,Germany,Pricing Strategy,Brand Personality Scale and Self-Congruity Theory
Debra Roberts,1954-08-20,Stockholm,,Sweden,Pricing Strategy,Consumer Decision Journey Modelling
Jacob Perez,1916-08-19,Paris,,France,Market Research,Innovation Diffusion and New Product Adoption Models
James Stewart,1900-02-22,Stockholm,,Sweden,Marketing Science,Social Media Influence and Word-of-Mouth Propagation
James Jackson,1960-07-05,Toronto,Ontario,Canada,Digital Marketing Research,B2B Relationship Marketing Frameworks
Steven Turner,1956-12-05,Amsterdam,,Netherlands,Product Marketing,Behavioral Nudges in Consumer Choice
Lisa Bailey,1975-10-26,Stockholm,,Sweden,Behavioral Economics,Empirical Generalizations in Marketing
Eric Long,1922-10-10,Paris,,France,Brand Management,Consumer Decision Journey Modelling
Patricia Ross,1909-10-19,New York City,New York,United States,Marketing Strategy,Social Media Influence and Word-of-Mouth Propagation
Michael Jackson,1923-07-02,Seoul,,South Korea,Academic Marketing Research,Service Quality and Customer Satisfaction Metrics
Matthew Evans,1934-12-01,New York City,New York,United States,Branding Consultancy,Luxury Brand Scarcity and Prestige Positioning
Matthew Cooper,1964-01-08,Cairo,,Egypt,Retail Strategy,Innovation Diffusion and New Product Adoption Models
Ryan Taylor,1911-02-19,Singapore,,Singapore,Brand Strategy,Retail Shopper Psychology and In-Store Decision Dynamics
Kathleen Castillo,1907-10-10,London,,United Kingdom,Branding Consultancy,Pricing Elasticity and Consumer Choice Architecture
Richard Peterson,1957-05-18,Milan,,Italy,Retail Strategy,Social Media Influence and Word-of-Mouth Propagation
Larry Alvarez,1920-09-04,Cairo,,Egypt,Marketing Strategy,Pricing Elasticity and Consumer Choice Architecture
Timothy Gutierrez,1948-03-16,Sydney,New South Wales,Australia,Marketing Analytics,Brand Equity Valuation Frameworks
Catherine Clark,1922-05-12,Seoul,,South Korea,Pricing Strategy,Retail Shopper Psychology and In-Store Decision Dynamics
Jacob Martin,1961-04-16,Milan,,Italy,Branding Consultancy,Brand Equity Valuation Frameworks
Maria Anderson,1960-09-19,Melbourne,Victoria,Australia,Market Research,Retail Shopper Psychology and In-Store Decision Dynamics
Jeffrey Watson,1951-03-26,Amsterdam,,Netherlands,Luxury Brand Strategy,Cross-Cultural Consumer Behavior Analysis
Donna Jenkins,1911-09-20,Sydney,New South Wales,Australia,Luxury Brand Strategy,Pricing Elasticity and Consumer Choice Architecture
Brandon Parker,1941-10-07,Zurich,,Switzerland,Marketing Strategy,Neuromarketing and Emotional Engagement Measurement
Brenda Myers,1974-02-15,Melbourne,Victoria,Australia,Market Research,B2B Relationship Marketing Frameworks
Jessica Martin,1906-08-10,São Paulo,São Paulo,Brazil,Marketing Analytics,Luxury Brand Scarcity and Prestige Positioning
Ashley Jones,1928-05-06,Cape Town,,South Africa,Marketing Science,Brand Personality Scale and Self-Congruity Theory
Sandra Ruiz,1916-07-25,Milan,,Italy,Brand Management,Empirical Generalizations in Marketing
Michelle King,1918-12-22,Tokyo,,Japan,Customer Psychology,B2B Relationship Marketing Frameworks
Joshua Adams,1966-02-28,Buenos Aires,,Argentina,Marketing Science,Social Media Influence and Word-of-Mouth Propagation
Brandon Smith,1902-12-25,Seoul,,South Korea,Consumer Research,Digital Attribution and Customer Lifetime Value Modeling
William Stewart,1943-05-16,Chicago,Illinois,United States,Marketing Strategy,Empirical Generalizations in Marketing
Ruth Perez,1919-09-18,Amsterdam,,Netherlands,Market Research,Brand Equity Valuation Frameworks
Mark Moore,1930-01-21,Toronto,Ontario,Canada,Luxury Brand Strategy,Retail Shopper Psychology and In-Store Decision Dynamics
Susan Cox,1911-10-16,Mumbai,Maharashtra,India,Advertising Strategy,Innovation Diffusion and New Product Adoption Models
Timothy Walker,1907-10-28,Sydney,New South Wales,Australia,Marketing Science,B2B Relationship Marketing Frameworks
Karen Evans,1927-12-05,São Paulo,São Paulo,Brazil,Brand Management,Brand Personality Scale and Self-Congruity Theory
Jason Rogers,1916-09-01,Buenos Aires,,Argentina,Pricing Strategy,Innovation Diffusion and New Product Adoption Models
Patrick Nguyen,1905-02-19,Paris,,France,Service Marketing,Pricing Elasticity and Consumer Choice Architecture
Ashley Wilson,1955-02-27,Milan,,Italy,Marketing Strategy,Retail Shopper Psychology and In-Store Decision Dynamics
Eric Ortiz,1917-01-11,Seoul,,South Korea,Pricing Strategy,Brand Equity Valuation Frameworks
Janet Jenkins,1900-05-16,Berlin,,Germany,Product Marketing,Cross-Cultural Consumer Behavior Analysis
Rachel Jones,1902-05-23,Paris,,France,Marketing Strategy,B2B Relationship Marketing Frameworks
Melissa Bennett,1916-05-14,São Paulo,São Paulo,Brazil,Innovation Strategy,Brand Equity Valuation Frameworks
Mary Mitchell,1976-04-01,Seoul,,South Korea,Marketing Science,Brand Personality Scale and Self-Congruity Theory
Jonathan Patel,1971-07-26,London,,United Kingdom,Brand Strategy,Luxury Brand Scarcity and Prestige Positioning
Tyler Anderson,1964-06-12,Paris,,France,Product Marketing,Brand Personality Scale and Self-Congruity Theory
Jack Sanchez,1978-05-21,Zurich,,Switzerland,Consumer Behavior,Luxury Brand Scarcity and Prestige Positioning
Mary Green,1963-12-02,Berlin,,Germany,Marketing Analytics,Consumer Decision Journey Modelling
Amy Allen,1978-11-19,London,,United Kingdom,Academic Marketing Research,Pricing Elasticity and Consumer Choice Architecture
Scott Jimenez,1978-12-23,Cairo,,Egypt,Branding Consultancy,Brand Equity Valuation Frameworks
David Young,1903-10-24,Seoul,,South Korea,Customer Psychology,Brand Equity Valuation Frameworks
Angela Price,1968-02-06,London,,United Kingdom,Pricing Strategy,Behavioral Nudges in Consumer Choice
Gregory Cox,1922-07-16,Chicago,Illinois,United States,Luxury Brand Strategy,Service Quality and Customer Satisfaction Metrics
Michael Brown,1955-09-03,Toronto,Ontario,Canada,Marketing Analytics,Social Media Influence and Word-of-Mouth Propagation
Mary Perez,1920-05-18,Cairo,,Egypt,Advertising Strategy,Brand Equity Valuation Frameworks
David Anderson,1945-02-17,Zurich,,Switzerland,Pricing Strategy,Luxury Brand Scarcity and Prestige Positioning
Dorothy Lewis,1946-09-22,Amsterdam,,Netherlands,Retail Strategy,Omnichannel Retail Strategy and Customer Experience
Dennis Murphy,1980-10-04,New York City,New York,United States,Marketing Science,Brand Equity Valuation Frameworks
Ruth Diaz,1978-08-22,Zurich,,Switzerland,Innovation Strategy,Service Quality and Customer Satisfaction Metrics
Robert Lewis,1913-11-24,Cape Town,,South Africa,Behavioral Economics,Neuromarketing and Emotional Engagement Measurement
George Lee,1937-03-19,Amsterdam,,Netherlands,Marketing Strategy,Innovation Diffusion and New Product Adoption Models
Melissa Adams,1956-01-07,Melbourne,Victoria,Australia,Product Marketing,Social Media Influence and Word-of-Mouth Propagation
Angela Ramirez,1967-10-03,São Paulo,São Paulo,Brazil,Pricing Strategy,Consumer Decision Journey Modelling
Maria Ruiz,1933-08-08,Seoul,,South Korea,Digital Marketing Research,Neuromarketing and Emotional Engagement Measurement
Frank Baker,1905-04-26,London,,United Kingdom,Pricing Strategy,Digital Attribution and Customer Lifetime Value Modeling
Eric Parker,1921-05-06,Berlin,,Germany,Luxury Brand Strategy,Empirical Generalizations in Marketing
Debra Cox,1961-08-23,São Paulo,São Paulo,Brazil,Brand Strategy,Neuromarketing and Emotional Engagement Measurement
Gary Nelson,1935-08-06,London,,United Kingdom,Academic Marketing Research,Innovation Diffusion and New Product Adoption Models
Deborah Brown,1978-06-22,Seoul,,South Korea,Advertising Strategy,Neuromarketing and Emotional Engagement Measurement
Lisa Reyes,1965-11-08,Cape Town,,South Africa,Pricing Strategy,Innovation Diffusion and New Product Adoption Models
David Reed,1925-06-04,Cape Town,,South Africa,Academic Marketing Research,Brand Equity Valuation Frameworks
Kenneth Anderson,1946-01-26,Zurich,,Switzerland,Advertising Strategy,Cross-Cultural Consumer Behavior Analysis
Daniel Perry,1976-11-03,New York City,New York,United States,Advertising Strategy,Consumer Decision Journey Modelling
Christopher Jones,1922-10-12,London,,United Kingdom,Pricing Strategy,Service Quality and Customer Satisfaction Metrics
Robert Gray,1964-05-09,Seoul,,South Korea,Market Research,Luxury Brand Scarcity and Prestige Positioning
Donald Clark,1937-07-03,Seoul,,South Korea,Marketing Strategy,Behavioral Nudges in Consumer Choice
Sharon Cox,1908-02-12,Toronto,Ontario,Canada,Brand Strategy,Brand Equity Valuation Frameworks
Benjamin Gutierrez,1921-12-08,Chicago,Illinois,United States,Market Research,Cross-Cultural Consumer Behavior Analysis
Mark Morales,1929-03-21,Paris,,France,Marketing Strategy,Neuromarketing and Emotional Engagement Measurement
Sharon Lewis,1961-04-25,Milan,,Italy,Customer Psychology,Pricing Elasticity and Consumer Choice Architecture
Andrew Nelson,1971-07-08,Zurich,,Switzerland,Branding Consultancy,Social Media Influence and Word-of-Mouth Propagation
George Rogers,1914-01-25,Seoul,,South Korea,Consumer Research,Omnichannel Retail Strategy and Customer Experience
Ashley Watson,1952-08-08,Cape Town,,South Africa,Behavioral Economics,Neuromarketing and Emotional Engagement Measurement
Michelle Miller,1966-07-19,Mumbai,Maharashtra,India,Customer Psychology,Brand Personality Scale and Self-Congruity Theory
Donald Young,1932-04-07,Sydney,New South Wales,Australia,Advertising Strategy,Pricing Elasticity and Consumer Choice Architecture
Carolyn Robinson,1954-01-04,London,,United Kingdom,Customer Psychology,Cross-Cultural Consumer Behavior Analysis
Melissa Jimenez,1937-04-13,Buenos Aires,,Argentina,Service Marketing,Social Media Influence and Word-of-Mouth Propagation
Thomas Jones,1928-04-12,Milan,,Italy,Consumer Behavior,Luxury Brand Scarcity and Prestige Positioning
Rachel Hill,1935-10-11,Paris,,France,Academic Marketing Research,Luxury Brand Scarcity and Prestige Positioning
Melissa Green,1905-08-23,Amsterdam,,Netherlands,Innovation Strategy,Luxury Brand Scarcity and Prestige Positioning
Matthew Castillo,1912-08-18,New York City,New York,United States,Service Marketing,Service Quality and Customer Satisfaction Metrics
Karen Rivera,1975-12-04,Stockholm,,Sweden,Brand Management,Cross-Cultural Consumer Behavior Analysis
Justin Howard,1930-10-09,Cape Town,,South Africa,Innovation Strategy,Service Quality and Customer Satisfaction Metrics
Samuel Ruiz,1910-07-01,Zurich,,Switzerland,Marketing Strategy,Cross-Cultural Consumer Behavior Analysis
Emma Hill,1953-07-25,New York City,New York,United States,Branding Consultancy,Service Quality and Customer Satisfaction Metrics
Donald White,1946-09-21,São Paulo,São Paulo,Brazil,Customer Psychology,Empirical Generalizations in Marketing
Susan Lewis,1940-03-20,Chicago,Illinois,United States,Advertising Strategy,Consumer Decision Journey Modelling
Richard James,1933-11-17,Chicago,Illinois,United States,Digital Marketing Research,Luxury Brand Scarcity and Prestige Positioning
Mary Cruz,1923-09-07,Buenos Aires,,Argentina,Advertising Strategy,Cross-Cultural Consumer Behavior Analysis
Pamela Scott,1948-11-22,Singapore,,Singapore,Product Marketing,Retail Shopper Psychology and In-Store Decision Dynamics
Kathleen Gray,1948-04-22,Mumbai,Maharashtra,India,Product Marketing,Retail Shopper Psychology and In-Store Decision Dynamics
James Foster,1912-07-19,Cape Town,,South Africa,Product Marketing,Social Media Influence and Word-of-Mouth Propagation
Christine Allen,1915-08-19,Singapore,,Singapore,Consumer Research,Behavioral Nudges in Consumer Choice
Jack Morgan,1937-03-04,New York City,New York,United States,Marketing Science,Social Media Influence and Word-of-Mouth Propagation
Elizabeth Williams,1931-10-10,Cape Town,,South Africa,Innovation Strategy,Consumer Decision Journey Modelling
Carolyn Hughes,1954-12-18,Tokyo,,Japan,Marketing Science,Brand Equity Valuation Frameworks
Susan Cooper,1958-08-22,Amsterdam,,Netherlands,Marketing Strategy,Neuromarketing and Emotional Engagement Measurement
Mary Jimenez,1907-02-03,Zurich,,Switzerland,Innovation Strategy,Luxury Brand Scarcity and Prestige Positioning
Steven Peterson,1936-06-21,Zurich,,Switzerland,Luxury Brand Strategy,Consumer Decision Journey Modelling
Richard Kim,1906-01-23,Cape Town,,South Africa,Luxury Brand Strategy,Social Media Influence and Word-of-Mouth Propagation
Joshua Hill,1928-12-18,London,,United Kingdom,Consumer Research,Omnichannel Retail Strategy and Customer Experience
Donna Thompson,1910-10-02,Toronto,Ontario,Canada,Digital Marketing Research,Empirical Generalizations in Marketing
David Flores,1937-09-02,Melbourne,Victoria,Australia,Brand Strategy,Empirical Generalizations in Marketing
Anna Clark,1980-10-24,Zurich,,Switzerland,Product Marketing,Consumer Decision Journey Modelling
Kathleen Thomas,1908-08-02,Milan,,Italy,Behavioral Economics,Pricing Elasticity and Consumer Choice Architecture
Brian Brown,1925-10-13,London,,United Kingdom,Marketing Strategy,Luxury Brand Scarcity and Prestige Positioning
Michelle Lee,1984-10-04,São Paulo,São Paulo,Brazil,Advertising Strategy,Consumer Decision Journey Modelling
Paul Flores,1924-06-26,Melbourne,Victoria,Australia,Customer Psychology,Digital Attribution and Customer Lifetime Value Modeling
Helen Robinson,1956-06-27,Mumbai,Maharashtra,India,Consumer Behavior,Innovation Diffusion and New Product Adoption Models
Jennifer Kelly,1909-01-26,Zurich,,Switzerland,Consumer Behavior,Innovation Diffusion and New Product Adoption Models
Linda Ortiz,1950-05-04,Cape Town,,South Africa,Retail Strategy,Service Quality and Customer Satisfaction Metrics
Daniel Hill,1958-07-08,Toronto,Ontario,Canada,Consumer Behavior,Retail Shopper Psychology and In-Store Decision Dynamics
Timothy Harris,1968-08-01,Sydney,New South Wales,Australia,Service Marketing,Empirical Generalizations in Marketing
Shirley Jenkins,1980-11-13,Chicago,Illinois,United States,Consumer Behavior,Pricing Elasticity and Consumer Choice Architecture
Edward Morgan,1972-09-08,Seoul,,South Korea,Consumer Research,Pricing Elasticity and Consumer Choice Architecture
Nancy Rivera,1941-09-07,Toronto,Ontario,Canada,Brand Strategy,Consumer Decision Journey Modelling
Raymond Turner,1911-03-05,Melbourne,Victoria,Australia,Product Marketing,Social Media Influence and Word-of-Mouth Propagation
Paul Kim,1956-07-17,Amsterdam,,Netherlands,Digital Marketing Research,Behavioral Nudges in Consumer Choice
Cynthia Price,1982-08-21,Seoul,,South Korea,Marketing Strategy,Digital Attribution and Customer Lifetime Value Modeling
Cynthia Reed,1971-09-18,Melbourne,Victoria,Australia,Service Marketing,Luxury Brand Scarcity and Prestige Positioning
Edward Lewis,1946-10-16,Tokyo,,Japan,Product Marketing,Retail Shopper Psychology and In-Store Decision Dynamics
Edward Mendoza,1906-05-07,São Paulo,São Paulo,Brazil,Branding Consultancy,Brand Personality Scale and Self-Congruity Theory
Amanda Morris,1981-04-07,Toronto,Ontario,Canada,Marketing Analytics,Luxury Brand Scarcity and Prestige Positioning
Paul Thomas,1930-08-03,Melbourne,Victoria,Australia,Pricing Strategy,Consumer Decision Journey Modelling
John Flores,1942-08-26,Melbourne,Victoria,Australia,Behavioral Economics,Omnichannel Retail Strategy and Customer Experience
Michael Myers,1924-02-01,Stockholm,,Sweden,Pricing Strategy,B2B Relationship Marketing Frameworks
Ashley Edwards,1941-02-27,Milan,,Italy,Pricing Strategy,Consumer Decision Journey Modelling
Nicholas Foster,1938-04-17,Melbourne,Victoria,Australia,Luxury Brand Strategy,Service Quality and Customer Satisfaction Metrics
Christopher Allen,1924-07-20,Paris,,France,Consumer Research,Behavioral Nudges in Consumer Choice
Jerry Williams,1944-08-18,Sydney,New South Wales,Australia,Marketing Analytics,Behavioral Nudges in Consumer Choice
Justin Ramirez,1947-01-21,Zurich,,Switzerland,Service Marketing,Pricing Elasticity and Consumer Choice Architecture
Donald Phillips,1967-12-27,Paris,,France,Marketing Strategy,Luxury Brand Scarcity and Prestige Positioning
Michelle Adams,1955-08-11,Milan,,Italy,Consumer Behavior,Pricing Elasticity and Consumer Choice Architecture
Carol Diaz,1903-11-08,Buenos Aires,,Argentina,Branding Consultancy,Social Media Influence and Word-of-Mouth Propagation
Melissa Powell,1956-10-09,Seoul,,South Korea,Brand Strategy,Service Quality and Customer Satisfaction Metrics
William Jones,1904-06-15,Seoul,,South Korea,Market Research,Neuromarketing and Emotional Engagement Measurement
Kenneth Murphy,1934-02-18,Seoul,,South Korea,Brand Strategy,Brand Personality Scale and Self-Congruity Theory
Ruth Taylor,1972-04-14,Paris,,France,Consumer Behavior,Luxury Brand Scarcity and Prestige Positioning
Barbara Cooper,1928-09-03,London,,United Kingdom,Digital Marketing Research,B2B Relationship Marketing Frameworks
Benjamin Ramirez,1904-11-27,London,,United Kingdom,Service Marketing,Digital Attribution and Customer Lifetime Value Modeling
Amanda Jones,1947-10-18,Berlin,,Germany,Marketing Strategy,Innovation Diffusion and New Product Adoption Models
Dennis Richardson,1927-05-13,Seoul,,South Korea,Marketing Analytics,Service Quality and Customer Satisfaction Metrics
Alexander Foster,1961-03-26,Toronto,Ontario,Canada,Marketing Science,Consumer Decision Journey Modelling
Benjamin Sanders,1976-01-06,Cape Town,,South Africa,Luxury Brand Strategy,Service Quality and Customer Satisfaction Metrics
Katherine Jimenez,1958-11-16,São Paulo,São Paulo,Brazil,Pricing Strategy,Luxury Brand Scarcity and Prestige Positioning
Alexander Alvarez,1952-10-04,Berlin,,Germany,Behavioral Economics,Cross-Cultural Consumer Behavior Analysis
Alexander Stewart,1930-07-10,Cairo,,Egypt,Retail Strategy,Cross-Cultural Consumer Behavior Analysis
Jacob Adams,1930-02-04,London,,United Kingdom,Innovation Strategy,Social Media Influence and Word-of-Mouth Propagation
Christine Anderson,1938-02-13,Zurich,,Switzerland,Product Marketing,Pricing Elasticity and Consumer Choice Architecture
Paul Ross,1959-08-13,Toronto,Ontario,Canada,Luxury Brand Strategy,Digital Attribution and Customer Lifetime Value Modeling
Shirley Allen,1970-10-09,London,,United Kingdom,Service Marketing,Behavioral Nudges in Consumer Choice
Justin Myers,1921-04-20,Sydney,New South Wales,Australia,Marketing Analytics,Empirical Generalizations in Marketing
Samantha Gutierrez,1916-12-22,Seoul,,South Korea,Customer Psychology,Digital Attribution and Customer Lifetime Value Modeling
Sandra Harris,1981-02-14,Amsterdam,,Netherlands,Digital Marketing Research,Empirical Generalizations in Marketing
Stephanie Davis,1928-11-01,Berlin,,Germany,Service Marketing,Omnichannel Retail Strategy and Customer Experience
Nicholas Turner,1974-10-23,London,,United Kingdom,Innovation Strategy,Consumer Decision Journey Modelling
Ryan Brown,1980-03-13,São Paulo,São Paulo,Brazil,Behavioral Economics,Omnichannel Retail Strategy and Customer Experience
Ryan Young,1974-04-02,Amsterdam,,Netherlands,Innovation Strategy,Empirical Generalizations in Marketing
Brian Cox,1926-03-17,Melbourne,Victoria,Australia,Service Marketing,Brand Personality Scale and Self-Congruity Theory
Sarah Gray,1905-03-25,Paris,,France,Brand Strategy,Luxury Brand Scarcity and Prestige Positioning
Scott Moore,1933-03-17,Melbourne,Victoria,Australia,Marketing Analytics,Omnichannel Retail Strategy and Customer Experience
Cynthia Robinson,1971-12-14,Seoul,,South Korea,Marketing Science,Omnichannel Retail Strategy and Customer Experience
Jason Carter,1949-04-07,Toronto,Ontario,Canada,Digital Marketing Research,Cross-Cultural Consumer Behavior Analysis
Timothy Morales,1902-04-14,Amsterdam,,Netherlands,Innovation Strategy,Retail Shopper Psychology and In-Store Decision Dynamics
Paul Gray,1908-06-16,London,,United Kingdom,Marketing Science,Luxury Brand Scarcity and Prestige Positioning
Margaret Richardson,1980-08-21,Singapore,,Singapore,Marketing Analytics,Behavioral Nudges in Consumer Choice
Rachel Green,1931-11-13,New York City,New York,United States,Advertising Strategy,Pricing Elasticity and Consumer Choice Architecture
Thomas Martinez,1950-08-09,Seoul,,South Korea,Digital Marketing Research,Pricing Elasticity and Consumer Choice Architecture
Patrick Wright,1978-06-22,Buenos Aires,,Argentina,Consumer Research,B2B Relationship Marketing Frameworks
Benjamin Wright,1901-01-01,São Paulo,São Paulo,Brazil,Pricing Strategy,Behavioral Nudges in Consumer Choice
Eric Richardson,1925-06-07,London,,United Kingdom,Advertising Strategy,Retail Shopper Psychology and In-Store Decision Dynamics
Emma Carter,1914-02-10,Melbourne,Victoria,Australia,Product Marketing,Service Quality and Customer Satisfaction Metrics
Deborah Murphy,1966-11-06,São Paulo,São Paulo,Brazil,Advertising Strategy,Pricing Elasticity and Consumer Choice Architecture
Rachel Wright,1940-02-12,Mumbai,Maharashtra,India,Marketing Science,Consumer Decision Journey Modelling
Katherine Cook,1983-11-07,Chicago,Illinois,United States,Academic Marketing Research,Brand Personality Scale and Self-Congruity Theory
Michael Miller,1957-06-26,Toronto,Ontario,Canada,Market Research,Innovation Diffusion and New Product Adoption Models
Mark Cox,1981-06-12,Melbourne,Victoria,Australia,Pricing Strategy,Pricing Elasticity and Consumer Choice Architecture
Alexander Perez,1954-04-13,Mumbai,Maharashtra,India,Branding Consultancy,Innovation Diffusion and New Product Adoption Models
Amy Reed,1917-03-22,Paris,,France,Market Research,Luxury Brand Scarcity and Prestige Positioning
John Walker,1973-03-03,Amsterdam,,Netherlands,Consumer Research,Retail Shopper Psychology and In-Store Decision Dynamics
Stephanie Phillips,1984-10-24,Buenos Aires,,Argentina,Marketing Strategy,Empirical Generalizations in Marketing
Katherine Thompson,1959-08-18,Seoul,,South Korea,Branding Consultancy,Brand Personality Scale and Self-Congruity Theory
Larry Powell,1965-02-04,Berlin,,Germany,Behavioral Economics,B2B Relationship Marketing Frameworks
Jessica Anderson,1902-02-08,Amsterdam,,Netherlands,Consumer Research,Neuromarketing and Emotional Engagement Measurement
Edward Garcia,1941-12-14,Zurich,,Switzerland,Consumer Behavior,Retail Shopper Psychology and In-Store Decision Dynamics
Justin Bailey,1937-09-22,Amsterdam,,Netherlands,Innovation Strategy,Service Quality and Customer Satisfaction Metrics
Nicole Gray,1901-07-06,Seoul,,South Korea,Consumer Behavior,Neuromarketing and Emotional Engagement Measurement
David Ortiz,1939-12-24,Sydney,New South Wales,Australia,Pricing Strategy,Retail Shopper Psychology and In-Store Decision Dynamics
Jack King,1910-10-03,Zurich,,Switzerland,Luxury Brand Strategy,B2B Relationship Marketing Frameworks
Christine Wilson,1975-09-01,Paris,,France,Academic Marketing Research,Service Quality and Customer Satisfaction Metrics
Gregory Ward,1900-09-22,Buenos Aires,,Argentina,Retail Strategy,Cross-Cultural Consumer Behavior Analysis
Jack Ward,1936-01-17,Melbourne,Victoria,Australia,Service Marketing,Omnichannel Retail Strategy and Customer Experience
William Murphy,1919-02-14,London,,United Kingdom,Market Research,Omnichannel Retail Strategy and Customer Experience
Justin Thompson,1925-01-23,Toronto,Ontario,Canada,Advertising Strategy,Cross-Cultural Consumer Behavior Analysis
Sarah Bailey,1932-01-19,Zurich,,Switzerland,Digital Marketing Research,B2B Relationship Marketing Frameworks
Kenneth Parker,1942-02-25,Singapore,,Singapore,Behavioral Economics,Omnichannel Retail Strategy and Customer Experience
Barbara Rivera,1949-07-12,Berlin,,Germany,Academic Marketing Research,Retail Shopper Psychology and In-Store Decision Dynamics
Alexander Diaz,1979-02-10,Mumbai,Maharashtra,India,Marketing Analytics,Cross-Cultural Consumer Behavior Analysis
James Garcia,1928-06-05,Amsterdam,,Netherlands,Service Marketing,Consumer Decision Journey Modelling
Sandra Edwards,1942-10-18,Singapore,,Singapore,Product Marketing,B2B Relationship Marketing Frameworks
Thomas Roberts,1975-11-08,Zurich,,Switzerland,Brand Management,Brand Equity Valuation Frameworks
James Perez,1930-05-16,Paris,,France,Market Research,B2B Relationship Marketing Frameworks
Lisa Patel,1965-02-06,São Paulo,São Paulo,Brazil,Consumer Research,Pricing Elasticity and Consumer Choice Architecture
Nicole Gomez,1912-09-21,Milan,,Italy,Market Research,Luxury Brand Scarcity and Prestige Positioning
Emily Powell,1903-06-19,Berlin,,Germany,Consumer Behavior,Consumer Decision Journey Modelling
Anthony Sanchez,1982-11-01,Tokyo,,Japan,Service Marketing,Brand Equity Valuation Frameworks
Stephanie Kelly,1914-05-19,New York City,New York,United States,Product Marketing,Brand Personality Scale and Self-Congruity Theory
Stephen Campbell,1910-03-08,Zurich,,Switzerland,Innovation Strategy,B2B Relationship Marketing Frameworks
Ashley Carter,1908-03-21,Mumbai,Maharashtra,India,Luxury Brand Strategy,Consumer Decision Journey Modelling
Michelle Walker,1925-09-12,Paris,,France,Consumer Behavior,Brand Personality Scale and Self-Congruity Theory
Justin Brooks,1943-04-15,Chicago,Illinois,United States,Luxury Brand Strategy,Retail Shopper Psychology and In-Store Decision Dynamics
Michelle Carter,1942-05-23,Chicago,Illinois,United States,Luxury Brand Strategy,Omnichannel Retail Strategy and Customer Experience
Donald Ramirez,1935-11-19,Amsterdam,,Netherlands,Brand Management,Cross-Cultural Consumer Behavior Analysis
Anthony Ruiz,1918-02-14,Sydney,New South Wales,Australia,Luxury Brand Strategy,Cross-Cultural Consumer Behavior Analysis
Patricia Robinson,1928-12-03,Mumbai,Maharashtra,India,Luxury Brand Strategy,B2B Relationship Marketing Frameworks
Larry Allen,1917-02-17,Milan,,Italy,Brand Management,B2B Relationship Marketing Frameworks
Nicole Long,1974-07-12,Cairo,,Egypt,Behavioral Economics,Social Media Influence and Word-of-Mouth Propagation
Gary Kelly,1962-08-17,Cairo,,Egypt,Customer Psychology,Service Quality and Customer Satisfaction Metrics
Larry Gray,1967-06-07,New York City,New York,United States,Digital Marketing Research,Service Quality and Customer Satisfaction Metrics
Alexander Roberts,1912-07-22,São Paulo,São Paulo,Brazil,Market Research,Omnichannel Retail Strategy and Customer Experience
Christopher Price,1941-08-24,Stockholm,,Sweden,Product Marketing,B2B Relationship Marketing Frameworks
Samantha Flores,1967-02-24,Cape Town,,South Africa,Brand Management,Innovation Diffusion and New Product Adoption Models
Brandon Kim,1917-03-04,Cairo,,Egypt,Consumer Research,Retail Shopper Psychology and In-Store Decision Dynamics
Donna Roberts,1948-03-12,London,,United Kingdom,Consumer Research,Retail Shopper Psychology and In-Store Decision Dynamics
Kevin Wood,1921-05-15,Toronto,Ontario,Canada,Behavioral Economics,Brand Personality Scale and Self-Congruity Theory
Daniel Wilson,1972-09-25,London,,United Kingdom,Brand Strategy,Retail Shopper Psychology and In-Store Decision Dynamics
Helen Lee,1966-10-22,Tokyo,,Japan,Market Research,Brand Equity Valuation Frameworks
Deborah Clark,1959-03-04,Berlin,,Germany,Customer Psychology,Brand Personality Scale and Self-Congruity Theory
Brandon Hill,1935-03-09,Mumbai,Maharashtra,India,Consumer Research,Luxury Brand Scarcity and Prestige Positioning
Michelle Baker,1967-01-28,London,,United Kingdom,Marketing Strategy,Innovation Diffusion and New Product Adoption Models
Jason Wright,1920-08-06,Mumbai,Maharashtra,India,Marketing Analytics,Neuromarketing and Emotional Engagement Measurement
Raymond Stewart,1902-06-06,London,,United Kingdom,Digital Marketing Research,Consumer Decision Journey Modelling
Kathleen Nguyen,1929-04-08,Melbourne,Victoria,Australia,Brand Management,Cross-Cultural Consumer Behavior Analysis
Rebecca Myers,1930-09-23,Stockholm,,Sweden,Customer Psychology,Behavioral Nudges in Consumer Choice
Jacob Edwards,1915-12-17,Stockholm,,Sweden,Digital Marketing Research,Service Quality and Customer Satisfaction Metrics
Angela Williams,1915-07-28,Cape Town,,South Africa,Marketing Science,Digital Attribution and Customer Lifetime Value Modeling
David Gray,1964-09-21,Buenos Aires,,Argentina,Advertising Strategy,Digital Attribution and Customer Lifetime Value Modeling
Amy Howard,1931-01-21,Stockholm,,Sweden,Digital Marketing Research,Digital Attribution and Customer Lifetime Value Modeling
Janet Thomas,1935-01-23,Singapore,,Singapore,Pricing Strategy,Consumer Decision Journey Modelling
Helen Johnson,1972-01-11,Toronto,Ontario,Canada,Academic Marketing Research,Behavioral Nudges in Consumer Choice
George Lewis,1967-02-23,Berlin,,Germany,Brand Strategy,Digital Attribution and Customer Lifetime Value Modeling
Gregory Moore,1959-05-20,Cairo,,Egypt,Digital Marketing Research,Omnichannel Retail Strategy and Customer Experience
Jerry Hall,1937-02-13,Toronto,Ontario,Canada,Customer Psychology,Behavioral Nudges in Consumer Choice
Sharon Miller,1966-07-20,Zurich,,Switzerland,Market Research,Omnichannel Retail Strategy and Customer Experience
Kevin Nguyen,1965-11-02,Toronto,Ontario,Canada,Marketing Analytics,Behavioral Nudges in Consumer Choice
Kenneth James,1909-09-02,New York City,New York,United States,Brand Management,Omnichannel Retail Strategy and Customer Experience
Mark Ortiz,1979-06-14,Buenos Aires,,Argentina,Brand Strategy,Neuromarketing and Emotional Engagement Measurement
Samuel Miller,1924-05-02,Mumbai,Maharashtra,India,Consumer Behavior,Empirical Generalizations in Marketing
Ronald Brooks,1967-12-12,Milan,,Italy,Innovation Strategy,Empirical Generalizations in Marketing
Andrew Myers,1959-06-11,London,,United Kingdom,Branding Consultancy,Omnichannel Retail Strategy and Customer Experience
David Bennett,1933-10-25,London,,United Kingdom,Retail Strategy,Consumer Decision Journey Modelling
Gary Collins,1978-09-23,Cape Town,,South Africa,Market Research,Neuromarketing and Emotional Engagement Measurement
Kevin Ramos,1927-03-07,Stockholm,,Sweden,Luxury Brand Strategy,Innovation Diffusion and New Product Adoption Models
Carolyn Brown,1903-07-08,Seoul,,South Korea,Marketing Strategy,Retail Shopper Psychology and In-Store Decision Dynamics
Patricia Hill,1937-07-18,Paris,,France,Academic Marketing Research,Omnichannel Retail Strategy and Customer Experience
Lisa Jenkins,1906-11-28,Zurich,,Switzerland,Behavioral Economics,Cross-Cultural Consumer Behavior Analysis
Anna Jones,1954-02-27,Berlin,,Germany,Service Marketing,Cross-Cultural Consumer Behavior Analysis
Christopher Hughes,1957-08-07,Paris,,France,Consumer Research,Social Media Influence and Word-of-Mouth Propagation
Helen Castillo,1984-05-18,Paris,,France,Pricing Strategy,Brand Personality Scale and Self-Congruity Theory
Larry Wood,1959-11-21,Buenos Aires,,Argentina,Brand Management,Consumer Decision Journey Modelling
Patricia James,1951-06-10,Cairo,,Egypt,Pricing Strategy,Brand Equity Valuation Frameworks
Margaret Martin,1908-09-01,London,,United Kingdom,Luxury Brand Strategy,Social Media Influence and Word-of-Mouth Propagation
Carolyn Wilson,1957-12-08,Chicago,Illinois,United States,Consumer Behavior,Service Quality and Customer Satisfaction Metrics
Sarah Ruiz,1971-01-15,Seoul,,South Korea,Pricing Strategy,Neuromarketing and Emotional Engagement Measurement
Donna Wright,1943-01-23,Paris,,France,Marketing Science,Social Media Influence and Word-of-Mouth Propagation
Amanda Hughes,1942-01-13,Cape Town,,South Africa,Brand Strategy,Service Quality and Customer Satisfaction Metrics
Paul Jones,1919-05-08,Zurich,,Switzerland,Brand Management,Luxury Brand Scarcity and Prestige Positioning
Patricia Moore,1982-07-19,Cape Town,,South Africa,Retail Strategy,B2B Relationship Marketing Frameworks
David Jones,1907-10-06,Amsterdam,,Netherlands,Luxury Brand Strategy,Innovation Diffusion and New Product Adoption Models
Kathleen Ross,1907-08-25,São Paulo,São Paulo,Brazil,Consumer Behavior,Omnichannel Retail Strategy and Customer Experience
Tyler Cooper,1948-04-04,Zurich,,Switzerland,Market Research,Pricing Elasticity and Consumer Choice Architecture
Nicole Cook,1909-05-04,Melbourne,Victoria,Australia,Marketing Science,Consumer Decision Journey Modelling
Anthony Parker,1931-12-02,Chicago,Illinois,United States,Customer Psychology,Omnichannel Retail Strategy and Customer Experience
Paul Nelson,1917-07-09,Mumbai,Maharashtra,India,Innovation Strategy,Innovation Diffusion and New Product Adoption Models
Nicole Harris,1929-04-21,Melbourne,Victoria,Australia,Branding Consultancy,Behavioral Nudges in Consumer Choice
Kevin Jenkins,1931-07-07,Seoul,,South Korea,Digital Marketing Research,Pricing Elasticity and Consumer Choice Architecture
Jack Lee,1920-05-08,Zurich,,Switzerland,Marketing Science,Behavioral Nudges in Consumer Choice
Richard Sanchez,1974-06-22,Chicago,Illinois,United States,Pricing Strategy,Consumer Decision Journey Modelling
Robert Young,1984-04-27,Singapore,,Singapore,Service Marketing,Neuromarketing and Emotional Engagement Measurement
George Price,1943-06-11,Paris,,France,Consumer Research,Service Quality and Customer Satisfaction Metrics
John Rogers,1918-07-07,Melbourne,Victoria,Australia,Service Marketing,Pricing Elasticity and Consumer Choice Architecture
Thomas Stewart,1915-08-01,Melbourne,Victoria,Australia,Marketing Strategy,Neuromarketing and Emotional Engagement Measurement
Sandra Brown,1963-10-02,Chicago,Illinois,United States,Customer Psychology,Cross-Cultural Consumer Behavior Analysis
Patrick Sanders,1926-02-09,Stockholm,,Sweden,Pricing Strategy,Pricing Elasticity and Consumer Choice Architecture
Larry Ruiz,1957-06-12,Seoul,,South Korea,Innovation Strategy,Behavioral Nudges in Consumer Choice
Jonathan Parker,1919-11-16,Cape Town,,South Africa,Advertising Strategy,Service Quality and Customer Satisfaction Metrics
Shirley Stewart,1903-04-20,Cairo,,Egypt,Brand Strategy,B2B Relationship Marketing Frameworks
Justin Mendoza,1953-08-07,Cairo,,Egypt,Advertising Strategy,Behavioral Nudges in Consumer Choice
Michael Morales,1956-04-17,Tokyo,,Japan,Brand Management,Social Media Influence and Word-of-Mouth Propagation
Mark Williams,1979-10-23,Buenos Aires,,Argentina,Brand Management,Service Quality and Customer Satisfaction Metrics
Timothy Torres,1929-02-19,Cape Town,,South Africa,Product Marketing,Omnichannel Retail Strategy and Customer Experience
Shirley Harris,1923-12-26,Berlin,,Germany,Brand Management,Brand Personality Scale and Self-Congruity Theory
Alexander Perry,1954-01-23,New York City,New York,United States,Marketing Analytics,Omnichannel Retail Strategy and Customer Experience
Katherine Roberts,1974-09-28,Milan,,Italy,Consumer Research,Brand Equity Valuation Frameworks
Michelle Brown,1919-11-15,Berlin,,Germany,Service Marketing,Behavioral Nudges in Consumer Choice
Deborah Rodriguez,1915-05-25,Buenos Aires,,Argentina,Customer Psychology,Consumer Decision Journey Modelling
John Richardson,1969-01-27,Milan,,Italy,Branding Consultancy,Cross-Cultural Consumer Behavior Analysis
Joshua Hall,1934-10-19,Paris,,France,Marketing Strategy,Empirical Generalizations in Marketing
Jerry White,1973-05-04,Berlin,,Germany,Brand Management,Behavioral Nudges in Consumer Choice
Brandon Nguyen,1900-08-25,Sydney,New South Wales,Australia,Advertising Strategy,Pricing Elasticity and Consumer Choice Architecture
Linda Carter,1959-12-28,Buenos Aires,,Argentina,Brand Management,Cross-Cultural Consumer Behavior Analysis
Jacob Clark,1929-06-28,Tokyo,,Japan,Brand Strategy,Retail Shopper Psychology and In-Store Decision Dynamics
Katherine Thomas,1909-06-10,Milan,,Italy,Advertising Strategy,Innovation Diffusion and New Product Adoption Models
Dorothy Mitchell,1955-11-20,Singapore,,Singapore,Retail Strategy,Pricing Elasticity and Consumer Choice Architecture
Kevin Peterson,1949-01-27,Tokyo,,Japan,Advertising Strategy,Omnichannel Retail Strategy and Customer Experience
Donald James,1931-08-11,Buenos Aires,,Argentina,Service Marketing,Brand Personality Scale and Self-Congruity Theory
Carol White,1941-10-12,Zurich,,Switzerland,Marketing Strategy,B2B Relationship Marketing Frameworks
Kevin James,1968-03-23,Paris,,France,Product Marketing,Neuromarketing and Emotional Engagement Measurement
Nicole Mendoza,1911-09-09,New York City,New York,United States,Marketing Analytics,Cross-Cultural Consumer Behavior Analysis
Emily Kelly,1932-01-24,London,,United Kingdom,Retail Strategy,Pricing Elasticity and Consumer Choice Architecture
Brandon Ruiz,1948-01-02,Berlin,,Germany,Innovation Strategy,Digital Attribution and Customer Lifetime Value Modeling
Janet Ortiz,1973-05-05,London,,United Kingdom,Luxury Brand Strategy,Pricing Elasticity and Consumer Choice Architecture
Ashley Kim,1915-03-07,Melbourne,Victoria,Australia,Service Marketing,Service Quality and Customer Satisfaction Metrics
Scott Morales,1958-10-03,Cape Town,,South Africa,Product Marketing,Brand Personality Scale and Self-Congruity Theory
Nicholas Davis,1920-04-26,Sydney,New South Wales,Australia,Innovation Strategy,Empirical Generalizations in Marketing
Anna Moore,1984-06-20,Zurich,,Switzerland,Market Research,Service Quality and Customer Satisfaction Metrics
Jessica Walker,1925-01-02,Toronto,Ontario,Canada,Marketing Science,Innovation Diffusion and New Product Adoption Models
Carolyn Hall,1905-07-20,Singapore,,Singapore,Retail Strategy,Neuromarketing and Emotional Engagement Measurement
Donna Turner,1910-08-12,Cairo,,Egypt,Marketing Science,Service Quality and Customer Satisfaction Metrics
Katherine Baker,1935-05-21,Mumbai,Maharashtra,India,Market Research,Omnichannel Retail Strategy and Customer Experience
Donald Gomez,1981-10-28,Buenos Aires,,Argentina,Advertising Strategy,Innovation Diffusion and New Product Adoption Models
Robert Davis,1979-03-13,Toronto,Ontario,Canada,Marketing Analytics,Luxury Brand Scarcity and Prestige Positioning
Benjamin Scott,1900-07-08,Paris,,France,Luxury Brand Strategy,Luxury Brand Scarcity and Prestige Positioning
Michael Long,1969-06-19,São Paulo,São Paulo,Brazil,Digital Marketing Research,Luxury Brand Scarcity and Prestige Positioning
Patrick Jackson,1900-07-21,Milan,,Italy,Consumer Behavior,Empirical Generalizations in Marketing
Jeffrey Ross,1958-07-27,Paris,,France,Brand Strategy,Brand Equity Valuation Frameworks
Emily Ramirez,1919-02-26,Paris,,France,Brand Strategy,Social Media Influence and Word-of-Mouth Propagation
Katherine Myers,1908-04-06,Singapore,,Singapore,Advertising Strategy,Neuromarketing and Emotional Engagement Measurement
Karen Campbell,1910-02-15,Melbourne,Victoria,Australia,Digital Marketing Research,Pricing Elasticity and Consumer Choice Architecture
Helen Price,1902-12-28,Stockholm,,Sweden,Consumer Research,Cross-Cultural Consumer Behavior Analysis
Stephen Diaz,1933-09-19,Amsterdam,,Netherlands,Marketing Analytics,B2B Relationship Marketing Frameworks
Deborah Reyes,1922-06-17,Paris,,France,Digital Marketing Research,Luxury Brand Scarcity and Prestige Positioning
Debra Moore,1934-01-20,Stockholm,,Sweden,Consumer Behavior,Consumer Decision Journey Modelling
Ruth Nelson,1927-07-06,São Paulo,São Paulo,Brazil,Academic Marketing Research,Innovation Diffusion and New Product Adoption Models
James Howard,1962-03-04,Amsterdam,,Netherlands,Advertising Strategy,Omnichannel Retail Strategy and Customer Experience
Betty White,1956-05-21,Zurich,,Switzerland,Academic Marketing Research,Behavioral Nudges in Consumer Choice
Maria Ward,1916-07-09,Toronto,Ontario,Canada,Pricing Strategy,Omnichannel Retail Strategy and Customer Experience
Amy Jimenez,1905-11-27,London,,United Kingdom,Innovation Strategy,Digital Attribution and Customer Lifetime Value Modeling
Mark Perry,1971-03-19,Zurich,,Switzerland,Academic Marketing Research,Brand Equity Valuation Frameworks
Ronald Nelson,1913-10-06,Stockholm,,Sweden,Branding Consultancy,Behavioral Nudges in Consumer Choice
Mary Williams,1941-03-09,Buenos Aires,,Argentina,Pricing Strategy,Retail Shopper Psychology and In-Store Decision Dynamics
Sharon Rogers,1972-11-28,Cape Town,,South Africa,Service Marketing,Empirical Generalizations in Marketing
Mark Green,1952-04-08,Seoul,,South Korea,Market Research,Brand Personality Scale and Self-Congruity Theory
Eric Diaz,1913-11-21,Toronto,Ontario,Canada,Market Research,Luxury Brand Scarcity and Prestige Positioning
Sharon Long,1940-04-27,Sydney,New South Wales,Australia,Marketing Science,Consumer Decision Journey Modelling
Anna Baker,1954-01-16,Melbourne,Victoria,Australia,Brand Strategy,Luxury Brand Scarcity and Prestige Positioning
Margaret Evans,1984-05-05,Stockholm,,Sweden,Academic Marketing Research,Cross-Cultural Consumer Behavior Analysis
Kimberly Campbell,1932-05-09,São Paulo,São Paulo,Brazil,Brand Management,Neuromarketing and Emotional Engagement Measurement
Kathleen Powell,1964-08-13,Amsterdam,,Netherlands,Marketing Science,Innovation Diffusion and New Product Adoption Models
Linda Ward,1945-09-19,Buenos Aires,,Argentina,Marketing Science,Cross-Cultural Consumer Behavior Analysis
Kenneth Young,1950-04-23,Tokyo,,Japan,Brand Management,Digital Attribution and Customer Lifetime Value Modeling
Stephanie Mitchell,1966-06-12,London,,United Kingdom,Consumer Behavior,Luxury Brand Scarcity and Prestige Positioning
Elizabeth Smith,1971-07-06,Berlin,,Germany,Marketing Analytics,Brand Equity Valuation Frameworks
Nancy Anderson,1905-10-27,Mumbai,Maharashtra,India,Branding Consultancy,Innovation Diffusion and New Product Adoption Models
Sandra Reyes,1939-03-16,Milan,,Italy,Academic Marketing Research,Service Quality and Customer Satisfaction Metrics
Jerry Taylor,1960-06-17,Zurich,,Switzerland,Product Marketing,Behavioral Nudges in Consumer Choice
Thomas Rivera,1919-12-01,Tokyo,,Japan,Product Marketing,Brand Personality Scale and Self-Congruity Theory
Lisa Cruz,1908-08-05,Seoul,,South Korea,Market Research,Brand Equity Valuation Frameworks
Pamela White,1950-11-07,São Paulo,São Paulo,Brazil,Behavioral Economics,Social Media Influence and Word-of-Mouth Propagation
Margaret Martinez,1918-11-13,Zurich,,Switzerland,Pricing Strategy,Brand Equity Valuation Frameworks
Benjamin Perez,1975-08-08,Milan,,Italy,Digital Marketing Research,Social Media Influence and Word-of-Mouth Propagation
Eric Mitchell,1968-08-25,Zurich,,Switzerland,Pricing Strategy,Omnichannel Retail Strategy and Customer Experience
Brenda Phillips,1946-04-18,Singapore,,Singapore,Consumer Behavior,Empirical Generalizations in Marketing
Debra Scott,1935-02-05,Cape Town,,South Africa,Service Marketing,Innovation Diffusion and New Product Adoption Models
Benjamin Gray,1975-10-19,Amsterdam,,Netherlands,Market Research,Retail Shopper Psychology and In-Store Decision Dynamics
Robert Rogers,1928-09-10,London,,United Kingdom,Branding Consultancy,Luxury Brand Scarcity and Prestige Positioning
Rebecca Wilson,1913-02-19,São Paulo,São Paulo,Brazil,Behavioral Economics,Innovation Diffusion and New Product Adoption Models
John Gray,1969-11-21,London,,United Kingdom,Advertising Strategy,Neuromarketing and Emotional Engagement Measurement
Steven Long,1939-02-17,São Paulo,São Paulo,Brazil,Digital Marketing Research,Neuromarketing and Emotional Engagement Measurement
Alexander Brooks,1984-01-25,Berlin,,Germany,Retail Strategy,Consumer Decision Journey Modelling
Larry Jenkins,1944-07-09,Berlin,,Germany,Digital Marketing Research,Consumer Decision Journey Modelling
Nicholas Cooper,1966-12-12,Amsterdam,,Netherlands,Market Research,Omnichannel Retail Strategy and Customer Experience
George Cox,1947-10-27,Sydney,New South Wales,Australia,Consumer Research,Service Quality and Customer Satisfaction Metrics
Brandon Torres,1955-12-05,Tokyo,,Japan,Brand Management,Cross-Cultural Consumer Behavior Analysis
Barbara Ortiz,1964-04-19,Cairo,,Egypt,Marketing Analytics,Innovation Diffusion and New Product Adoption Models
Stephen Rivera,1910-01-17,Berlin,,Germany,Marketing Strategy,Service Quality and Customer Satisfaction Metrics
Jonathan Gomez,1955-12-06,New York City,New York,United States,Brand Management,Brand Equity Valuation Frameworks
Tyler Bailey,1929-08-24,Toronto,Ontario,Canada,Retail Strategy,Social Media Influence and Word-of-Mouth Propagation
Michael Lewis,1926-06-11,Cairo,,Egypt,Branding Consultancy,Consumer Decision Journey Modelling
William Morris,1914-05-10,Paris,,France,Marketing Strategy,B2B Relationship Marketing Frameworks
Stephen Hughes,1905-04-18,São Paulo,São Paulo,Brazil,Product Marketing,Social Media Influence and Word-of-Mouth Propagation
Rebecca Morris,1946-04-17,Milan,,Italy,Luxury Brand Strategy,Digital Attribution and Customer Lifetime Value Modeling
Emily Bailey,1936-09-17,Milan,,Italy,Consumer Behavior,Social Media Influence and Word-of-Mouth Propagation
Anna Parker,1950-03-10,London,,United Kingdom,Pricing Strategy,Neuromarketing and Emotional Engagement Measurement
Helen Carter,1920-12-11,Tokyo,,Japan,Brand Management,Neuromarketing and Emotional Engagement Measurement
James Patel,1962-08-03,Milan,,Italy,Service Marketing,Consumer Decision Journey Modelling
Mary Martin,1981-08-22,Cape Town,,South Africa,Marketing Strategy,Retail Shopper Psychology and In-Store Decision Dynamics
Helen Garcia,1927-05-17,Paris,,France,Brand Management,Digital Attribution and Customer Lifetime Value Modeling
Joshua Gutierrez,1910-06-13,Amsterdam,,Netherlands,Digital Marketing Research,Digital Attribution and Customer Lifetime Value Modeling
Kevin Martinez,1904-01-24,Buenos Aires,,Argentina,Market Research,Behavioral Nudges in Consumer Choice
Matthew Reed,1916-03-19,Stockholm,,Sweden,Digital Marketing Research,Innovation Diffusion and New Product Adoption Models
Patricia Foster,1969-07-26,Sydney,New South Wales,Australia,Advertising Strategy,Luxury Brand Scarcity and Prestige Positioning
Eric Cook,1922-11-11,Cape Town,,South Africa,Marketing Analytics,Brand Equity Valuation Frameworks
Mary Parker,1977-11-18,Cape Town,,South Africa,Service Marketing,Omnichannel Retail Strategy and Customer Experience
Michael Davis,1934-09-08,Buenos Aires,,Argentina,Pricing Strategy,Brand Equity Valuation Frameworks
Kathleen Jimenez,1971-03-06,Toronto,Ontario,Canada,Marketing Strategy,Social Media Influence and Word-of-Mouth Propagation
Jack Murphy,1930-07-16,Singapore,,Singapore,Retail Strategy,Neuromarketing and Emotional Engagement Measurement
Linda Wilson,1941-05-16,Melbourne,Victoria,Australia,Consumer Behavior,Pricing Elasticity and Consumer Choice Architecture
Timothy Nguyen,1955-09-15,Toronto,Ontario,Canada,Branding Consultancy,Consumer Decision Journey Modelling
Thomas Lewis,1970-07-03,New York City,New York,United States,Brand Management,Pricing Elasticity and Consumer Choice Architecture
Justin Smith,1914-05-13,Mumbai,Maharashtra,India,Marketing Science,Cross-Cultural Consumer Behavior Analysis
Karen Ramos,1900-04-03,London,,United Kingdom,Marketing Science,Retail Shopper Psychology and In-Store Decision Dynamics
Charles Torres,1945-04-06,Chicago,Illinois,United States,Brand Strategy,Service Quality and Customer Satisfaction Metrics
John Thomas,1959-02-13,Cape Town,,South Africa,Advertising Strategy,Brand Personality Scale and Self-Congruity Theory
Ashley Nelson,1916-07-02,Cairo,,Egypt,Luxury Brand Strategy,Digital Attribution and Customer Lifetime Value Modeling
Karen Morgan,1965-10-13,Amsterdam,,Netherlands,Consumer Behavior,Retail Shopper Psychology and In-Store Decision Dynamics
Kimberly Garcia,1977-08-23,Tokyo,,Japan,Behavioral Economics,Brand Equity Valuation Frameworks
Paul Allen,1952-05-19,Cape Town,,South Africa,Product Marketing,Retail Shopper Psychology and In-Store Decision Dynamics
George Wright,1961-10-10,Sydney,New South Wales,Australia,Marketing Science,Digital Attribution and Customer Lifetime Value Modeling
Patricia Thompson,1931-02-14,Singapore,,Singapore,Innovation Strategy,Empirical Generalizations in Marketing
Jennifer Clark,1978-06-04,Milan,,Italy,Marketing Science,Consumer Decision Journey Modelling
Matthew King,1977-02-18,London,,United Kingdom,Retail Strategy,Pricing Elasticity and Consumer Choice Architecture
Laura Reyes,1925-02-22,Berlin,,Germany,Product Marketing,Retail Shopper Psychology and In-Store Decision Dynamics
Pamela Evans,1907-09-06,Paris,,France,Digital Marketing Research,Pricing Elasticity and Consumer Choice Architecture
Margaret Young,1927-11-25,New York City,New York,United States,Retail Strategy,Neuromarketing and Emotional Engagement Measurement
Charles Robinson,1933-12-04,Sydney,New South Wales,Australia,Marketing Analytics,Omnichannel Retail Strategy and Customer Experience
Mary Taylor,1982-01-06,Stockholm,,Sweden,Digital Marketing Research,Neuromarketing and Emotional Engagement Measurement
Justin Martin,1957-07-26,New York City,New York,United States,Customer Psychology,Omnichannel Retail Strategy and Customer Experience
George Mendoza,1920-11-13,Paris,,France,Consumer Research,Service Quality and Customer Satisfaction Metrics
Daniel Martin,1967-09-09,Buenos Aires,,Argentina,Branding Consultancy,Neuromarketing and Emotional Engagement Measurement
Matthew Flores,1941-01-05,Stockholm,,Sweden,Behavioral Economics,Innovation Diffusion and New Product Adoption Models
Samuel Jenkins,1946-02-14,Toronto,Ontario,Canada,Digital Marketing Research,Pricing Elasticity and Consumer Choice Architecture
Carol Taylor,1981-05-13,Sydney,New South Wales,Australia,Consumer Behavior,Brand Personality Scale and Self-Congruity Theory
Charles Ramos,1937-11-22,New York City,New York,United States,Brand Management,Social Media Influence and Word-of-Mouth Propagation
Brenda Mitchell,1933-09-24,Mumbai,Maharashtra,India,Behavioral Economics,Empirical Generalizations in Marketing
Andrew Williams,1927-06-12,Melbourne,Victoria,Australia,Marketing Science,Digital Attribution and Customer Lifetime Value Modeling
Maria White,1912-09-17,Cairo,,Egypt,Digital Marketing Research,Omnichannel Retail Strategy and Customer Experience
Jennifer Kim,1945-05-06,London,,United Kingdom,Product Marketing,Empirical Generalizations in Marketing
Mark Wilson,1934-09-03,Amsterdam,,Netherlands,Advertising Strategy,Brand Equity Valuation Frameworks
Matthew Cruz,1923-11-25,Sydney,New South Wales,Australia,Advertising Strategy,Brand Equity Valuation Frameworks
Angela Walker,1915-01-08,Melbourne,Victoria,Australia,Customer Psychology,Luxury Brand Scarcity and Prestige Positioning
Jack Long,1933-05-06,Tokyo,,Japan,Consumer Research,Retail Shopper Psychology and In-Store Decision Dynamics
Jessica Davis,1956-12-16,Stockholm,,Sweden,Retail Strategy,Cross-Cultural Consumer Behavior Analysis
Maria Richardson,1906-04-15,Cape Town,,South Africa,Market Research,Brand Personality Scale and Self-Congruity Theory
Deborah Garcia,1971-06-27,Sydney,New South Wales,Australia,Marketing Science,Neuromarketing and Emotional Engagement Measurement
Janet Powell,1927-12-23,Melbourne,Victoria,Australia,Brand Management,B2B Relationship Marketing Frameworks
Charles Jones,1955-04-18,Chicago,Illinois,United States,Service Marketing,Brand Personality Scale and Self-Congruity Theory
Jeffrey Harris,1916-11-26,Melbourne,Victoria,Australia,Behavioral Economics,B2B Relationship Marketing Frameworks
Ronald Wilson,1944-03-11,Milan,,Italy,Marketing Science,Service Quality and Customer Satisfaction Metrics
Emily Ross,1927-11-11,New York City,New York,United States,Product Marketing,Omnichannel Retail Strategy and Customer Experience
Patricia Price,1953-12-25,Amsterdam,,Netherlands,Market Research,Behavioral Nudges in Consumer Choice
Edward Jones,1983-04-09,Chicago,Illinois,United States,Consumer Research,Consumer Decision Journey Modelling
Scott Robinson,1914-10-21,Zurich,,Switzerland,Marketing Strategy,Digital Attribution and Customer Lifetime Value Modeling
Scott Cook,1961-02-14,Cairo,,Egypt,Innovation Strategy,Social Media Influence and Word-of-Mouth Propagation
Rachel Long,1902-06-08,Melbourne,Victoria,Australia,Pricing Strategy,Luxury Brand Scarcity and Prestige Positioning
Eric Wood,1974-02-11,Melbourne,Victoria,Australia,Advertising Strategy,Pricing Elasticity and Consumer Choice Architecture
Ruth Gomez,1955-11-26,Melbourne,Victoria,Australia,Retail Strategy,Cross-Cultural Consumer Behavior Analysis
Nicole Lee,1918-07-23,Berlin,,Germany,Marketing Analytics,B2B Relationship Marketing Frameworks
William Brown,1928-11-02,Seoul,,South Korea,Retail Strategy,Luxury Brand Scarcity and Prestige Positioning
Cynthia Morgan,1933-07-08,Milan,,Italy,Customer Psychology,Service Quality and Customer Satisfaction Metrics
Debra Foster,1964-11-07,Seoul,,South Korea,Academic Marketing Research,Service Quality and Customer Satisfaction Metrics
Anna Myers,1943-09-05,Cairo,,Egypt,Brand Management,Cross-Cultural Consumer Behavior Analysis
Katherine Walker,1941-11-21,Cairo,,Egypt,Marketing Science,Consumer Decision Journey Modelling
Elizabeth Howard,1947-11-22,Paris,,France,Brand Strategy,Innovation Diffusion and New Product Adoption Models
Anthony Mitchell,1909-04-09,London,,United Kingdom,Branding Consultancy,Brand Equity Valuation Frameworks
Nicholas Alvarez,1970-01-03,Buenos Aires,,Argentina,Academic Marketing Research,Cross-Cultural Consumer Behavior Analysis
Debra Nguyen,1977-01-18,Milan,,Italy,Academic Marketing Research,Social Media Influence and Word-of-Mouth Propagation
Angela Parker,1981-04-01,Singapore,,Singapore,Consumer Research,B2B Relationship Marketing Frameworks
Edward Thompson,1909-11-11,São Paulo,São Paulo,Brazil,Market Research,Cross-Cultural Consumer Behavior Analysis
Sandra Martin,1921-02-24,Milan,,Italy,Market Research,Social Media Influence and Word-of-Mouth Propagation
Daniel Collins,1950-05-03,Melbourne,Victoria,Australia,Branding Consultancy,Neuromarketing and Emotional Engagement Measurement
Jack Kelly,1925-08-05,Zurich,,Switzerland,Brand Management,Retail Shopper Psychology and In-Store Decision Dynamics
Angela Moore,1907-09-16,Cape Town,,South Africa,Luxury Brand Strategy,Retail Shopper Psychology and In-Store Decision Dynamics
Patrick Walker,1967-10-15,Toronto,Ontario,Canada,Marketing Strategy,Brand Equity Valuation Frameworks
Kimberly Clark,1926-08-04,London,,United Kingdom,Customer Psychology,Empirical Generalizations in Marketing
Kimberly Torres,1956-01-23,Buenos Aires,,Argentina,Pricing Strategy,Cross-Cultural Consumer Behavior Analysis
Rachel Parker,1961-09-25,Berlin,,Germany,Marketing Strategy,Pricing Elasticity and Consumer Choice Architecture
Christopher Nelson,1906-07-06,Buenos Aires,,Argentina,Brand Strategy,Brand Personality Scale and Self-Congruity Theory
Mary Ruiz,1946-04-28,Melbourne,Victoria,Australia,Advertising Strategy,Neuromarketing and Emotional Engagement Measurement
Larry Baker,1968-07-26,Singapore,,Singapore,Marketing Strategy,Pricing Elasticity and Consumer Choice Architecture
Jason Turner,1977-09-16,Amsterdam,,Netherlands,Brand Management,Retail Shopper Psychology and In-Store Decision Dynamics
Steven Harris,1984-06-21,Mumbai,Maharashtra,India,Product Marketing,Brand Personality Scale and Self-Congruity Theory
Sarah King,1941-10-27,London,,United Kingdom,Market Research,Brand Equity Valuation Frameworks
Daniel Foster,1909-06-25,Seoul,,South Korea,Brand Management,Brand Personality Scale and Self-Congruity Theory
Patricia Ramirez,1920-05-06,Seoul,,South Korea,Consumer Research,Omnichannel Retail Strategy and Customer Experience
Nicole Turner,1935-01-09,London,,United Kingdom,Marketing Science,Omnichannel Retail Strategy and Customer Experience
Catherine Adams,1969-01-15,Tokyo,,Japan,Product Marketing,Consumer Decision Journey Modelling
Samuel Myers,1972-06-06,Buenos Aires,,Argentina,Academic Marketing Research,Cross-Cultural Consumer Behavior Analysis
John Wood,1962-01-12,Stockholm,,Sweden,Service Marketing,Social Media Influence and Word-of-Mouth Propagation
Elizabeth Gutierrez,1964-01-03,Amsterdam,,Netherlands,Brand Management,Brand Personality Scale and Self-Congruity Theory
Catherine Peterson,1917-01-19,Chicago,Illinois,United States,Academic Marketing Research,Neuromarketing and Emotional Engagement Measurement
Sharon Stewart,1932-02-23,Sydney,New South Wales,Australia,Branding Consultancy,Digital Attribution and Customer Lifetime Value Modeling
Carolyn Phillips,1939-03-21,New York City,New York,United States,Marketing Strategy,Luxury Brand Scarcity and Prestige Positioning
Cynthia Miller,1912-03-19,Melbourne,Victoria,Australia,Luxury Brand Strategy,Luxury Brand Scarcity and Prestige Positioning
Gregory Kim,1919-04-12,London,,United Kingdom,Branding Consultancy,Pricing Elasticity and Consumer Choice Architecture
Amanda Davis,1977-08-23,Toronto,Ontario,Canada,Marketing Analytics,Brand Personality Scale and Self-Congruity Theory
Shirley Turner,1981-04-16,Mumbai,Maharashtra,India,Consumer Research,Brand Equity Valuation Frameworks
Matthew Parker,1974-05-27,Melbourne,Victoria,Australia,Product Marketing,Digital Attribution and Customer Lifetime Value Modeling
Carolyn Jones,1956-12-14,Paris,,France,Consumer Research,Behavioral Nudges in Consumer Choice
Tyler Perez,1968-11-02,Amsterdam,,Netherlands,Behavioral Economics,Empirical Generalizations in Marketing
Eric Taylor,1983-06-07,Amsterdam,,Netherlands,Innovation Strategy,Retail Shopper Psychology and In-Store Decision Dynamics
